Gestionnaire,RaisonSociale,categ,info_categ,Commune,NomCommune,Pollution,PopLegaleTotale,
31585002A,S.E.M. PYRENEES SERVICES PUBLICS ,9G01,Société d'économie mixte,31001,Agassac,O,123,
31396001B,SYNDICAT INTERCOMMUNAL DES EAUX DES COTEAUX HERS-ARIEGE,3D04,"Syndicat d'assainisement, eau potable",31002,Aignes,O,242,1
31555472A,COMMUNAUTE URBAINE TOULOUSE METROPOLE ,3G01,Communautés urbaines,31003,Aigrefeuille,O,926,1
31254002B,COMMUNAUTE D'AGGLOMERATION DU SICOVAL ,3H01,Communautés d'agglomérations,31004,Ayguesvives,O,2304,1
31585002A,S.E.M. PYRENEES SERVICES PUBLICS ,9G01,Société d'économie mixte,31005,Alan,O,311,1
31106001A,S.I.E. DE LA MONTAGNE NOIRE ,3D04,"Syndicat d'assainisement, eau potable",31006,Albiac,O,198,1
31585002A,S.E.M. PYRENEES SERVICES PUBLICS ,9G01,Société d'économie mixte,31007,Ambax,O,69,1
31585002A,S.E.M. PYRENEES SERVICES PUBLICS ,9G01,Société d'économie mixte,31008,Anan,O,226,1
31009000A,COMMUNE D'ANTICHAN DE FRONTIGNES ,2A01,Communes du bassin,31009,Antichan de Frontignes,O,86,1
31555272H,SYNDICAT MIXTE DE L'EAU ET DE L'ASSAINISSEMENT DE LA HAUTE-GARONNE,3D04,"Syndicat d'assainisement, eau potable",31010,Antignac,O,111,1
31555272H,SYNDICAT MIXTE DE L'EAU ET DE L'ASSAINISSEMENT DE LA HAUTE-GARONNE,3D04,"Syndicat d'assainisement, eau potable",31011,Arbas,O,258,1
31020001A,SYNDICAT DES EAUX ET DE L'ASSAINISSEMENT DE LA VALLEE DU JOB,3D04,"Syndicat d'assainisement, eau potable",31012,Arbon,O,77,1
31247001A,S.A.E.P. DE LA PLAINE DE RIVIERE ,3D04,"Syndicat d'assainisement, eau potable",31013,Ardiège,O,418,1
31020001A,SYNDICAT DES EAUX ET DE L'ASSAINISSEMENT DE LA VALLEE DU JOB,3D04,"Syndicat d'assainisement, eau potable",31014,Arguenos,O,51,1
31555272H,SYNDICAT MIXTE DE L'EAU ET DE L'ASSAINISSEMENT DE LA HAUTE-GARONNE,3D04,"Syndicat d'assainisement, eau potable",31015,Argut Dessous,O,31,1
31555272H,SYNDICAT MIXTE DE L'EAU ET DE L'ASSAINISSEMENT DE LA HAUTE-GARONNE,3D04,"Syndicat d'assainisement, eau potable",31017,Arlos,O,95,2
31585002A,S.E.M. PYRENEES SERVICES PUBLICS ,9G01,Société d'économie mixte,31018,Arnaud Guilhem,O,201,1
31555272H,SYNDICAT MIXTE DE L'EAU ET DE L'ASSAINISSEMENT DE LA HAUTE-GARONNE,3D04,"Syndicat d'assainisement, eau potable",31019,Artigue,O,38,1
31020001A,SYNDICAT DES EAUX ET DE L'ASSAINISSEMENT DE LA VALLEE DU JOB,3D04,"Syndicat d'assainisement, eau potable",31020,Aspet,O,1044,1
31555272H,SYNDICAT MIXTE DE L'EAU ET DE L'ASSAINISSEMENT DE LA HAUTE-GARONNE,3D04,"Syndicat d'assainisement, eau potable",31020,Aspet,O,1044,0
31020001A,SYNDICAT DES EAUX ET DE L'ASSAINISSEMENT DE LA VALLEE DU JOB,3D04,"Syndicat d'assainisement, eau potable",31021,Aspret Sarrat,O,145,1
31555052B,VEOLIA EAU - COMPAGNIE GENERALE DES EAUX ,9A01,Industriels,31022,Aucamville,O,7900,1
31585002A,S.E.M. PYRENEES SERVICES PUBLICS ,9G01,Société d'économie mixte,31023,Aulon,O,353,1
31396001B,SYNDICAT INTERCOMMUNAL DES EAUX DES COTEAUX HERS-ARIEGE,3D04,"Syndicat d'assainisement, eau potable",31024,Auragne,O,409,1
31254002B,COMMUNAUTE D'AGGLOMERATION DU SICOVAL ,3H01,Communautés d'agglomérations,31025,Aureville,O,720,1
31106001A,S.I.E. DE LA MONTAGNE NOIRE ,3D04,"Syndicat d'assainisement, eau potable",31026,Auriac sur Vendinelle,O,1027,1
09272001A,SYNDICAT MIXTE DEPARTEMENTAL EAU ASSAINISSEMENT DE L'ARIEGE,3D04,"Syndicat d'assainisement, eau potable",31027,Auribail,O,228,1
31206001A,S.I. DES EAUX DE LA RIVE GAUCHE DE L'ARIEGE,3D04,"Syndicat d'assainisement, eau potable",31027,Auribail,O,228,0
31585002A,S.E.M. PYRENEES SERVICES PUBLICS ,9G01,Société d'économie mixte,31028,Aurignac,O,1244,1
31106001A,S.I.E. DE LA MONTAGNE NOIRE ,3D04,"Syndicat d'assainisement, eau potable",31029,Aurin,O,290,1
31555272H,SYNDICAT MIXTE DE L'EAU ET DE L'ASSAINISSEMENT DE LA HAUTE-GARONNE,3D04,"Syndicat d'assainisement, eau potable",31030,Ausseing,O,74,1
31585002A,S.E.M. PYRENEES SERVICES PUBLICS ,9G01,Société d'économie mixte,31031,Ausson,O,562,1
31555472A,COMMUNAUTE URBAINE TOULOUSE METROPOLE ,3G01,Communautés urbaines,31032,Aussonne,O,6009,1
31033000A,COMMUNE D'AUTERIVE ,2A01,Communes du bassin,31033,Auterive,O,8858,1
31396001B,SYNDICAT INTERCOMMUNAL DES EAUX DES COTEAUX HERS-ARIEGE,3D04,"Syndicat d'assainisement, eau potable",31033,Auterive,O,8858,0
31585002A,S.E.M. PYRENEES SERVICES PUBLICS ,9G01,Société d'économie mixte,31034,Auzas,O,183,1
31254002B,COMMUNAUTE D'AGGLOMERATION DU SICOVAL ,3H01,Communautés d'agglomérations,31035,Auzeville Tolosane,O,3124,1
31254002B,COMMUNAUTE D'AGGLOMERATION DU SICOVAL ,3H01,Communautés d'agglomérations,31036,Auzielle,O,1378,1
31106001A,S.I.E. DE LA MONTAGNE NOIRE ,3D04,"Syndicat d'assainisement, eau potable",31037,Avignonet Lauragais,O,1288,1
31555052B,VEOLIA EAU - COMPAGNIE GENERALE DES EAUX ,9A01,Industriels,31038,Azas,O,514,1
31585002A,S.E.M. PYRENEES SERVICES PUBLICS ,9G01,Société d'économie mixte,31039,Bachas,O,67,1
31555272H,SYNDICAT MIXTE DE L'EAU ET DE L'ASSAINISSEMENT DE LA HAUTE-GARONNE,3D04,"Syndicat d'assainisement, eau potable",31040,Bachos,O,27,1
31585002A,S.E.M. PYRENEES SERVICES PUBLICS ,9G01,Société d'économie mixte,31041,Bagiry,O,84,1
31555014C,LYONNAISE DES EAUX FRANCE ,9A01,Industriels,31042,Bagnères de Luchon,O,2743,1
31585002A,S.E.M. PYRENEES SERVICES PUBLICS ,9G01,Société d'économie mixte,31043,Balesta,O,179,1
31555472A,COMMUNAUTE URBAINE TOULOUSE METROPOLE ,3G01,Communautés urbaines,31044,Balma,O,13203,1
31585002A,S.E.M. PYRENEES SERVICES PUBLICS ,9G01,Société d'économie mixte,31045,Barbazan,O,464,1
31555272H,SYNDICAT MIXTE DE L'EAU ET DE L'ASSAINISSEMENT DE LA HAUTE-GARONNE,3D04,"Syndicat d'assainisement, eau potable",31046,Baren,O,5,1
09272001A,SYNDICAT MIXTE DEPARTEMENTAL EAU ASSAINISSEMENT DE L'ARIEGE,3D04,"Syndicat d'assainisement, eau potable",31047,Bax,O,89,1
31254002B,COMMUNAUTE D'AGGLOMERATION DU SICOVAL ,3H01,Communautés d'agglomérations,31048,Baziège,O,3252,1
31555052B,VEOLIA EAU - COMPAGNIE GENERALE DES EAUX ,9A01,Industriels,31049,Bazus,O,593,1
31585002A,S.E.M. PYRENEES SERVICES PUBLICS ,9G01,Société d'économie mixte,31050,Beauchalot,O,528,1
31454001A,S.I. DES EAUX DES COTEAUX DU TOUCH,3D04,"Syndicat d'assainisement, eau potable",31051,Beaufort,O,371,1
09272001A,SYNDICAT MIXTE DEPARTEMENTAL EAU ASSAINISSEMENT DE L'ARIEGE,3D04,"Syndicat d'assainisement, eau potable",31052,Beaumont sur Lèze,O,1522,1
31206001A,S.I. DES EAUX DE LA RIVE GAUCHE DE L'ARIEGE,3D04,"Syndicat d'assainisement, eau potable",31052,Beaumont sur Lèze,O,1522,0
31555472A,COMMUNAUTE URBAINE TOULOUSE METROPOLE ,3G01,Communautés urbaines,31053,Beaupuy,O,1315,1
31396001B,SYNDICAT INTERCOMMUNAL DES EAUX DES COTEAUX HERS-ARIEGE,3D04,"Syndicat d'assainisement, eau potable",31054,Beauteville,O,164,1
31106001A,S.I.E. DE LA MONTAGNE NOIRE ,3D04,"Syndicat d'assainisement, eau potable",31055,Beauville,O,135,1
31555472A,COMMUNAUTE URBAINE TOULOUSE METROPOLE ,3G01,Communautés urbaines,31056,Beauzelle,O,5175,1
31254002B,COMMUNAUTE D'AGGLOMERATION DU SICOVAL ,3H01,Communautés d'agglomérations,31057,Belberaud,O,1318,1
31254002B,COMMUNAUTE D'AGGLOMERATION DU SICOVAL ,3H01,Communautés d'agglomérations,31058,Belbèze de Lauragais,O,98,1
31315001B,S.I. EAUX ET ASSAINISSEMENT DES VALLEES DE L'ARBAS ET BAS SALAT,3D04,"Syndicat d'assainisement, eau potable",31059,Belbèze en Comminges,O,109,1
31106001A,S.I.E. DE LA MONTAGNE NOIRE ,3D04,"Syndicat d'assainisement, eau potable",31060,Bélesta en Lauragais,O,114,1
31351001A,S.I. DES EAUX DE LA VALLEE DE LA SAVE ET DES COTEAUX DE CADOURS,3D04,"Syndicat d'assainisement, eau potable",31061,Bellegarde Sainte Marie,O,198,1
31351001A,S.I. DES EAUX DE LA VALLEE DE LA SAVE ET DES COTEAUX DE CADOURS,3D04,"Syndicat d'assainisement, eau potable",31062,Bellesserre,O,84,1
31585002A,S.E.M. PYRENEES SERVICES PUBLICS ,9G01,Société d'économie mixte,31063,Benque,O,158,1
31555272H,SYNDICAT MIXTE DE L'EAU ET DE L'ASSAINISSEMENT DE LA HAUTE-GARONNE,3D04,"Syndicat d'assainisement, eau potable",31064,Benque Dessous et Dessus,O,20,1
31454001A,S.I. DES EAUX DES COTEAUX DU TOUCH,3D04,"Syndicat d'assainisement, eau potable",31065,Bérat,O,2662,1
31288001A,S.I. DES EAUX DE LA RIVE DROITE DU TARN ,3D04,"Syndicat d'assainisement, eau potable",31066,Bessières,O,3158,1
31555014C,LYONNAISE DES EAUX FRANCE ,9A01,Industriels,31066,Bessières,O,3158,0
31555052B,VEOLIA EAU - COMPAGNIE GENERALE DES EAUX ,9A01,Industriels,31066,Bessières,O,3158,0
31555272H,SYNDICAT MIXTE DE L'EAU ET DE L'ASSAINISSEMENT DE LA HAUTE-GARONNE,3D04,"Syndicat d'assainisement, eau potable",31067,Bezins Garraux,O,55,1
31068000A,COMMUNE DE BILLIERE ,2A01,Communes du bassin,31068,Billière,O,25,1
31555052B,VEOLIA EAU - COMPAGNIE GENERALE DES EAUX ,9A01,Industriels,31069,Blagnac,O,21961,1
31585002A,S.E.M. PYRENEES SERVICES PUBLICS ,9G01,Société d'économie mixte,31070,Blajan,O,516,1
31454001A,S.I. DES EAUX DES COTEAUX DU TOUCH,3D04,"Syndicat d'assainisement, eau potable",31071,Bois de la Pierre,O,421,1
31585002A,S.E.M. PYRENEES SERVICES PUBLICS ,9G01,Société d'économie mixte,31072,Boissède,O,84,1
31288001A,S.I. DES EAUX DE LA RIVE DROITE DU TARN ,3D04,"Syndicat d'assainisement, eau potable",31073,Bondigoux,O,444,1
31106001A,S.I.E. DE LA MONTAGNE NOIRE ,3D04,"Syndicat d'assainisement, eau potable",31074,Bonrepos Riquet,O,243,1
31454001A,S.I. DES EAUX DES COTEAUX DU TOUCH,3D04,"Syndicat d'assainisement, eau potable",31075,Bonrepos sur Aussonnelle,O,827,1
31585002A,S.E.M. PYRENEES SERVICES PUBLICS ,9G01,Société d'économie mixte,31076,Bordes de Rivière,O,472,1
31555272H,SYNDICAT MIXTE DE L'EAU ET DE L'ASSAINISSEMENT DE LA HAUTE-GARONNE,3D04,"Syndicat d'assainisement, eau potable",31077,Born,O,394,1
31585002A,S.E.M. PYRENEES SERVICES PUBLICS ,9G01,Société d'économie mixte,31078,Boudrac,O,122,1
31490001A,S.I.A.E.P. DE LA REGION DE ST JORY CASTELNAU D'ESTRETEFONDS,3D04,"Syndicat d'assainisement, eau potable",31079,Bouloc,O,4026,1
31585002A,S.E.M. PYRENEES SERVICES PUBLICS ,9G01,Société d'économie mixte,31080,Boulogne sur Gesse,O,1704,1
31555272H,SYNDICAT MIXTE DE L'EAU ET DE L'ASSAINISSEMENT DE LA HAUTE-GARONNE,3D04,"Syndicat d'assainisement, eau potable",31081,Bourg d'Oueil,O,11,1
31106001A,S.I.E. DE LA MONTAGNE NOIRE ,3D04,"Syndicat d'assainisement, eau potable",31082,Bourg Saint Bernard,O,855,1
31585002A,S.E.M. PYRENEES SERVICES PUBLICS ,9G01,Société d'économie mixte,31083,Boussan,O,214,1
31585002A,S.E.M. PYRENEES SERVICES PUBLICS ,9G01,Société d'économie mixte,31084,Boussens,O,1075,1
31555272H,SYNDICAT MIXTE DE L'EAU ET DE L'ASSAINISSEMENT DE LA HAUTE-GARONNE,3D04,"Syndicat d'assainisement, eau potable",31085,Boutx,O,279,1
31585002A,S.E.M. PYRENEES SERVICES PUBLICS ,9G01,Société d'économie mixte,31086,Bouzin,O,85,1
31454001A,S.I. DES EAUX DES COTEAUX DU TOUCH,3D04,"Syndicat d'assainisement, eau potable",31087,Bragayrac,O,274,1
31555472A,COMMUNAUTE URBAINE TOULOUSE METROPOLE ,3G01,Communautés urbaines,31088,Brax,O,2521,1
31351001A,S.I. DES EAUX DE LA VALLEE DE LA SAVE ET DES COTEAUX DE CADOURS,3D04,"Syndicat d'assainisement, eau potable",31089,Bretx,O,537,1
31351001A,S.I. DES EAUX DE LA VALLEE DE LA SAVE ET DES COTEAUX DE CADOURS,3D04,"Syndicat d'assainisement, eau potable",31090,Brignemont,O,379,1
31555472A,COMMUNAUTE URBAINE TOULOUSE METROPOLE ,3G01,Communautés urbaines,31091,Bruguières,O,4995,1
31092000A,COMMUNE DE BURGALAYS ,2A01,Communes du bassin,31092,Burgalays,O,132,1
31351001A,S.I. DES EAUX DE LA VALLEE DE LA SAVE ET DES COTEAUX DE CADOURS,3D04,"Syndicat d'assainisement, eau potable",31093,Burgaud,O,623,1
31555052B,VEOLIA EAU - COMPAGNIE GENERALE DES EAUX ,9A01,Industriels,31094,Buzet sur Tarn,O,2188,1
31020001A,SYNDICAT DES EAUX ET DE L'ASSAINISSEMENT DE LA VALLEE DU JOB,3D04,"Syndicat d'assainisement, eau potable",31095,Cabanac Cazaux,O,116,1
31351001A,S.I. DES EAUX DE LA VALLEE DE LA SAVE ET DES COTEAUX DE CADOURS,3D04,"Syndicat d'assainisement, eau potable",31096,Cabanac Séguenville,O,159,1
31106001A,S.I.E. DE LA MONTAGNE NOIRE ,3D04,"Syndicat d'assainisement, eau potable",31097,Cabanial,O,345,1
31351001A,S.I. DES EAUX DE LA VALLEE DE LA SAVE ET DES COTEAUX DE CADOURS,3D04,"Syndicat d'assainisement, eau potable",31098,Cadours,O,1052,1
31396001B,SYNDICAT INTERCOMMUNAL DES EAUX DES COTEAUX HERS-ARIEGE,3D04,"Syndicat d'assainisement, eau potable",31099,Caignac,O,258,1
31396001B,SYNDICAT INTERCOMMUNAL DES EAUX DES COTEAUX HERS-ARIEGE,3D04,"Syndicat d'assainisement, eau potable",31100,Calmont,O,2071,1
31454001A,S.I. DES EAUX DES COTEAUX DU TOUCH,3D04,"Syndicat d'assainisement, eau potable",31101,Cambernard,O,435,1
31106001A,S.I.E. DE LA MONTAGNE NOIRE ,3D04,"Syndicat d'assainisement, eau potable",31102,Cambiac,O,204,1
09272001A,SYNDICAT MIXTE DEPARTEMENTAL EAU ASSAINISSEMENT DE L'ARIEGE,3D04,"Syndicat d'assainisement, eau potable",31103,Canens,O,59,1
09272001A,SYNDICAT MIXTE DEPARTEMENTAL EAU ASSAINISSEMENT DE L'ARIEGE,3D04,"Syndicat d'assainisement, eau potable",31104,Capens,O,484,1
31454001A,S.I. DES EAUX DES COTEAUX DU TOUCH,3D04,"Syndicat d'assainisement, eau potable",31104,Capens,O,484,0
31106001A,S.I.E. DE LA MONTAGNE NOIRE ,3D04,"Syndicat d'assainisement, eau potable",31105,Caragoudes,O,249,1
31106001A,S.I.E. DE LA MONTAGNE NOIRE ,3D04,"Syndicat d'assainisement, eau potable",31106,Caraman,O,2392,1
09272001A,SYNDICAT MIXTE DEPARTEMENTAL EAU ASSAINISSEMENT DE L'ARIEGE,3D04,"Syndicat d'assainisement, eau potable",31107,Carbonne,O,5038,1
31107000A,COMMUNE DE CARBONNE ,2A01,Communes du bassin,31107,Carbonne,O,5038,0
31585002A,S.E.M. PYRENEES SERVICES PUBLICS ,9G01,Société d'économie mixte,31108,Cardeilhac,O,257,1
31585002A,S.E.M. PYRENEES SERVICES PUBLICS ,9G01,Société d'économie mixte,31109,Cassagnabère Tournas,O,406,1
31315001B,S.I. EAUX ET ASSAINISSEMENT DES VALLEES DE L'ARBAS ET BAS SALAT,3D04,"Syndicat d'assainisement, eau potable",31110,Cassagne,O,650,1
09272001A,SYNDICAT MIXTE DEPARTEMENTAL EAU ASSAINISSEMENT DE L'ARIEGE,3D04,"Syndicat d'assainisement, eau potable",31111,Castagnac,O,299,1
31315001B,S.I. EAUX ET ASSAINISSEMENT DES VALLEES DE L'ARBAS ET BAS SALAT,3D04,"Syndicat d'assainisement, eau potable",31112,Castagnède,O,181,1
31254002B,COMMUNAUTE D'AGGLOMERATION DU SICOVAL ,3H01,Communautés d'agglomérations,31113,Castanet Tolosan,O,11037,1
31315001B,S.I. EAUX ET ASSAINISSEMENT DES VALLEES DE L'ARBAS ET BAS SALAT,3D04,"Syndicat d'assainisement, eau potable",31114,Castelbiague,O,231,1
31585002A,S.E.M. PYRENEES SERVICES PUBLICS ,9G01,Société d'économie mixte,31115,Castelgaillard,O,57,1
31555052B,VEOLIA EAU - COMPAGNIE GENERALE DES EAUX ,9A01,Industriels,31116,Castelginest,O,8725,1
31555052B,VEOLIA EAU - COMPAGNIE GENERALE DES EAUX ,9A01,Industriels,31117,Castelmaurou,O,3496,1
31490001A,S.I.A.E.P. DE LA REGION DE ST JORY CASTELNAU D'ESTRETEFONDS,3D04,"Syndicat d'assainisement, eau potable",31118,Castelnau d'Estrétefonds,O,5252,1
31454001A,S.I. DES EAUX DES COTEAUX DU TOUCH,3D04,"Syndicat d'assainisement, eau potable",31119,Castelnau Picampeau,O,187,1
31351001A,S.I. DES EAUX DE LA VALLEE DE LA SAVE ET DES COTEAUX DE CADOURS,3D04,"Syndicat d'assainisement, eau potable",31120,Castéra,O,754,1
31585002A,S.E.M. PYRENEES SERVICES PUBLICS ,9G01,Société d'économie mixte,31121,Castéra Vignoles,O,63,1
31454001A,S.I. DES EAUX DES COTEAUX DU TOUCH,3D04,"Syndicat d'assainisement, eau potable",31122,Casties Labrande,O,96,1
31555272H,SYNDICAT MIXTE DE L'EAU ET DE L'ASSAINISSEMENT DE LA HAUTE-GARONNE,3D04,"Syndicat d'assainisement, eau potable",31123,Castillon de Larboust,O,66,1
31585002A,S.E.M. PYRENEES SERVICES PUBLICS ,9G01,Société d'économie mixte,31124,Castillon de Saint Martory,O,322,1
31555272H,SYNDICAT MIXTE DE L'EAU ET DE L'ASSAINISSEMENT DE LA HAUTE-GARONNE,3D04,"Syndicat d'assainisement, eau potable",31125,Cathervielle,O,36,1
31351001A,S.I. DES EAUX DE LA VALLEE DE LA SAVE ET DES COTEAUX DE CADOURS,3D04,"Syndicat d'assainisement, eau potable",31126,Caubiac,O,243,1
31127000A,COMMUNE DE CAUBOUS ,2A01,Communes du bassin,31127,Caubous,O,7,1
31206001A,S.I. DES EAUX DE LA RIVE GAUCHE DE L'ARIEGE,3D04,"Syndicat d'assainisement, eau potable",31128,Caujac,O,608,1
31555272H,SYNDICAT MIXTE DE L'EAU ET DE L'ASSAINISSEMENT DE LA HAUTE-GARONNE,3D04,"Syndicat d'assainisement, eau potable",31129,Cazaril Laspènes,O,22,1
31585002A,S.E.M. PYRENEES SERVICES PUBLICS ,9G01,Société d'économie mixte,31130,Cazaril Tambourès,O,80,1
31020001A,SYNDICAT DES EAUX ET DE L'ASSAINISSEMENT DE LA VALLEE DU JOB,3D04,"Syndicat d'assainisement, eau potable",31131,Cazaunous,O,66,1
31132000A,COMMUNE DE CAZAUX LAYRISSE ,2A01,Communes du bassin,31132,Cazaux Layrisse,O,70,1
31555272H,SYNDICAT MIXTE DE L'EAU ET DE L'ASSAINISSEMENT DE LA HAUTE-GARONNE,3D04,"Syndicat d'assainisement, eau potable",31133,Cazeaux de Larboust,O,93,1
31585002A,S.E.M. PYRENEES SERVICES PUBLICS ,9G01,Société d'économie mixte,31134,Cazeneuve Montaut,O,63,1
31135002A,REGIE D'EAU ET D'ASSAINISSEMENT DE CAZERES-COULADERE,2C02,Eau ou assainissement,31135,Cazères,O,4409,1
31490001A,S.I.A.E.P. DE LA REGION DE ST JORY CASTELNAU D'ESTRETEFONDS,3D04,"Syndicat d'assainisement, eau potable",31136,Cépet,O,1512,1
31106001A,S.I.E. DE LA MONTAGNE NOIRE ,3D04,"Syndicat d'assainisement, eau potable",31137,Cessales,O,139,1
31585002A,S.E.M. PYRENEES SERVICES PUBLICS ,9G01,Société d'économie mixte,31138,Charlas,O,222,1
31471001A,S.I. DES EAUX DE LA REGION DE ST BEAT ,3D04,"Syndicat d'assainisement, eau potable",31139,Chaum,O,211,1
31555272H,SYNDICAT MIXTE DE L'EAU ET DE L'ASSAINISSEMENT DE LA HAUTE-GARONNE,3D04,"Syndicat d'assainisement, eau potable",31140,Chein Dessus,O,197,1
31585002A,S.E.M. PYRENEES SERVICES PUBLICS ,9G01,Société d'économie mixte,31141,Ciadoux,O,252,1
31555272H,SYNDICAT MIXTE DE L'EAU ET DE L'ASSAINISSEMENT DE LA HAUTE-GARONNE,3D04,"Syndicat d'assainisement, eau potable",31142,Cier de Luchon,O,249,1
31143000A,COMMUNE DE CIER DE RIVIERE ,2A01,Communes du bassin,31143,Cier de Rivière,O,259,1
31555272H,SYNDICAT MIXTE DE L'EAU ET DE L'ASSAINISSEMENT DE LA HAUTE-GARONNE,3D04,"Syndicat d'assainisement, eau potable",31144,Cierp Gaud,O,942,1
31396001B,SYNDICAT INTERCOMMUNAL DES EAUX DES COTEAUX HERS-ARIEGE,3D04,"Syndicat d'assainisement, eau potable",31145,Cintegabelle,O,2631,1
31555272H,SYNDICAT MIXTE DE L'EAU ET DE L'ASSAINISSEMENT DE LA HAUTE-GARONNE,3D04,"Syndicat d'assainisement, eau potable",31146,Cirès,O,12,1
31585002A,S.E.M. PYRENEES SERVICES PUBLICS ,9G01,Société d'économie mixte,31147,Clarac,O,584,1
31254002B,COMMUNAUTE D'AGGLOMERATION DU SICOVAL ,3H01,Communautés d'agglomérations,31148,Clermont le Fort,O,533,1
31555472A,COMMUNAUTE URBAINE TOULOUSE METROPOLE ,3G01,Communautés urbaines,31149,Colomiers,O,33494,1
31555472A,COMMUNAUTE URBAINE TOULOUSE METROPOLE ,3G01,Communautés urbaines,31150,Cornebarrieu,O,5688,1
31254002B,COMMUNAUTE D'AGGLOMERATION DU SICOVAL ,3H01,Communautés d'agglomérations,31151,Corronsac,O,685,1
31585002A,S.E.M. PYRENEES SERVICES PUBLICS ,9G01,Société d'économie mixte,31152,Coueilles,O,90,1
09272001A,SYNDICAT MIXTE DEPARTEMENTAL EAU ASSAINISSEMENT DE L'ARIEGE,3D04,"Syndicat d'assainisement, eau potable",31153,Couladère,O,442,1
31135002A,REGIE D'EAU ET D'ASSAINISSEMENT DE CAZERES-COULADERE,2C02,Eau ou assainissement,31153,Couladère,O,442,0
31315001B,S.I. EAUX ET ASSAINISSEMENT DES VALLEES DE L'ARBAS ET BAS SALAT,3D04,"Syndicat d'assainisement, eau potable",31155,Couret,O,196,2
31351001A,S.I. DES EAUX DE LA VALLEE DE LA SAVE ET DES COTEAUX DE CADOURS,3D04,"Syndicat d'assainisement, eau potable",31156,Cox,O,331,1
31555472A,COMMUNAUTE URBAINE TOULOUSE METROPOLE ,3G01,Communautés urbaines,31157,Cugnaux,O,16128,1
31585002A,S.E.M. PYRENEES SERVICES PUBLICS ,9G01,Société d'économie mixte,31158,Cuguron,O,195,1
31585002A,S.E.M. PYRENEES SERVICES PUBLICS ,9G01,Société d'économie mixte,31159,Cuing,O,406,1
31351001A,S.I. DES EAUX DE LA VALLEE DE LA SAVE ET DES COTEAUX DE CADOURS,3D04,"Syndicat d'assainisement, eau potable",31160,Daux,O,1746,1
31254002B,COMMUNAUTE D'AGGLOMERATION DU SICOVAL ,3H01,Communautés d'agglomérations,31161,Deyme,O,904,1
31254002B,COMMUNAUTE D'AGGLOMERATION DU SICOVAL ,3H01,Communautés d'agglomérations,31162,Donneville,O,1118,1
31555472A,COMMUNAUTE URBAINE TOULOUSE METROPOLE ,3G01,Communautés urbaines,31163,Drémil Lafage,O,2638,1
31351001A,S.I. DES EAUX DE LA VALLEE DE LA SAVE ET DES COTEAUX DE CADOURS,3D04,"Syndicat d'assainisement, eau potable",31164,Drudas,O,189,1
31421002A,S.I.V.O.M. PLAINE ARIEGE-GARONNE ,3D04,"Syndicat d'assainisement, eau potable",31165,Eaunes,O,4433,1
31555052B,VEOLIA EAU - COMPAGNIE GENERALE DES EAUX ,9A01,Industriels,31165,Eaunes,O,4433,0
31454001A,S.I. DES EAUX DES COTEAUX DU TOUCH,3D04,"Syndicat d'assainisement, eau potable",31166,Empeaux,O,218,1
31020001A,SYNDICAT DES EAUX ET DE L'ASSAINISSEMENT DE LA VALLEE DU JOB,3D04,"Syndicat d'assainisement, eau potable",31167,Encausse les Thermes,O,654,1
31585002A,S.E.M. PYRENEES SERVICES PUBLICS ,9G01,Société d'économie mixte,31168,Eoux,O,117,1
31254002B,COMMUNAUTE D'AGGLOMERATION DU SICOVAL ,3H01,Communautés d'agglomérations,31169,Escalquens,O,5835,1
31585002A,S.E.M. PYRENEES SERVICES PUBLICS ,9G01,Société d'économie mixte,31170,Escanecrabe,O,255,1
31254002B,COMMUNAUTE D'AGGLOMERATION DU SICOVAL ,3H01,Communautés d'agglomérations,31171,Espanès,O,276,1
31585002A,S.E.M. PYRENEES SERVICES PUBLICS ,9G01,Société d'économie mixte,31172,Esparron,O,51,1
09272001A,SYNDICAT MIXTE DEPARTEMENTAL EAU ASSAINISSEMENT DE L'ARIEGE,3D04,"Syndicat d'assainisement, eau potable",31173,Esperce,O,248,1
31206001A,S.I. DES EAUX DE LA RIVE GAUCHE DE L'ARIEGE,3D04,"Syndicat d'assainisement, eau potable",31173,Esperce,O,248,0
31555272H,SYNDICAT MIXTE DE L'EAU ET DE L'ASSAINISSEMENT DE LA HAUTE-GARONNE,3D04,"Syndicat d'assainisement, eau potable",31174,Estadens,O,503,1
31585002A,S.E.M. PYRENEES SERVICES PUBLICS ,9G01,Société d'économie mixte,31175,Estancarbon,O,575,1
31176000A,COMMUNE D'ESTENOS ,2A01,Communes du bassin,31176,Esténos,O,183,1
31471001A,S.I. DES EAUX DE LA REGION DE ST BEAT ,3D04,"Syndicat d'assainisement, eau potable",31177,Eup,O,146,1
31585002A,S.E.M. PYRENEES SERVICES PUBLICS ,9G01,Société d'économie mixte,31178,Fabas,O,217,1
31106001A,S.I.E. DE LA MONTAGNE NOIRE ,3D04,"Syndicat d'assainisement, eau potable",31179,Faget,O,356,1
31106001A,S.I.E. DE LA MONTAGNE NOIRE ,3D04,"Syndicat d'assainisement, eau potable",31180,Falga,O,105,1
09272001A,SYNDICAT MIXTE DEPARTEMENTAL EAU ASSAINISSEMENT DE L'ARIEGE,3D04,"Syndicat d'assainisement, eau potable",31181,Fauga,O,1714,1
31454001A,S.I. DES EAUX DES COTEAUX DU TOUCH,3D04,"Syndicat d'assainisement, eau potable",31181,Fauga,O,1714,0
31555052B,VEOLIA EAU - COMPAGNIE GENERALE DES EAUX ,9A01,Industriels,31182,Fenouillet,O,5144,1
31315001B,S.I. EAUX ET ASSAINISSEMENT DES VALLEES DE L'ARBAS ET BAS SALAT,3D04,"Syndicat d'assainisement, eau potable",31183,Figarol,O,286,1
31555472A,COMMUNAUTE URBAINE TOULOUSE METROPOLE ,3G01,Communautés urbaines,31184,Flourens,O,1795,1
31106001A,S.I.E. DE LA MONTAGNE NOIRE ,3D04,"Syndicat d'assainisement, eau potable",31185,Folcarde,O,122,1
31555052B,VEOLIA EAU - COMPAGNIE GENERALE DES EAUX ,9A01,Industriels,31186,Fonbeauzard,O,2849,1
31454001A,S.I. DES EAUX DES COTEAUX DU TOUCH,3D04,"Syndicat d'assainisement, eau potable",31187,Fonsorbes,O,11373,1
31454001A,S.I. DES EAUX DES COTEAUX DU TOUCH,3D04,"Syndicat d'assainisement, eau potable",31188,Fontenilles,O,3979,1
31454001A,S.I. DES EAUX DES COTEAUX DU TOUCH,3D04,"Syndicat d'assainisement, eau potable",31189,Forgues,O,185,1
31190000A,COMMUNE DE FOS ,2A01,Communes du bassin,31190,Fos,O,267,1
31315001B,S.I. EAUX ET ASSAINISSEMENT DES VALLEES DE L'ARBAS ET BAS SALAT,3D04,"Syndicat d'assainisement, eau potable",31191,Fougaron,O,90,1
31254002B,COMMUNAUTE D'AGGLOMERATION DU SICOVAL ,3H01,Communautés d'agglomérations,31192,Fourquevaux,O,794,1
31454001A,S.I. DES EAUX DES COTEAUX DU TOUCH,3D04,"Syndicat d'assainisement, eau potable",31193,Fousseret,O,1647,1
31106001A,S.I.E. DE LA MONTAGNE NOIRE ,3D04,"Syndicat d'assainisement, eau potable",31194,Francarville,O,170,1
31195000A,COMMUNE DE FRANCAZAL ,2A01,Communes du bassin,31195,Francazal,O,25,1
31585002A,S.E.M. PYRENEES SERVICES PUBLICS ,9G01,Société d'économie mixte,31196,Francon,O,205,1
31585002A,S.E.M. PYRENEES SERVICES PUBLICS ,9G01,Société d'économie mixte,31197,Franquevielle,O,357,1
31585002A,S.E.M. PYRENEES SERVICES PUBLICS ,9G01,Société d'économie mixte,31198,Fréchet,O,118,1
31471001A,S.I. DES EAUX DE LA REGION DE ST BEAT ,3D04,"Syndicat d'assainisement, eau potable",31199,Fronsac,O,215,1
31555272H,SYNDICAT MIXTE DE L'EAU ET DE L'ASSAINISSEMENT DE LA HAUTE-GARONNE,3D04,"Syndicat d'assainisement, eau potable",31200,Frontignan de Comminges,O,69,1
31585002A,S.E.M. PYRENEES SERVICES PUBLICS ,9G01,Société d'économie mixte,31201,Frontignan Savès,O,60,1
31202000A,COMMUNE DE FRONTON ,2A01,Communes du bassin,31202,Fronton,O,5455,1
31555052B,VEOLIA EAU - COMPAGNIE GENERALE DES EAUX ,9A01,Industriels,31202,Fronton,O,5455,0
31157001A,S.I.V.O.M. DE LA SAUDRUNE ,3D04,"Syndicat d'assainisement, eau potable",31203,Frouzins,O,7389,1
31454001A,S.I. DES EAUX DES COTEAUX DU TOUCH,3D04,"Syndicat d'assainisement, eau potable",31204,Fustignac,O,75,1
31555052B,VEOLIA EAU - COMPAGNIE GENERALE DES EAUX ,9A01,Industriels,31205,Gagnac sur Garonne,O,2959,1
09272001A,SYNDICAT MIXTE DEPARTEMENTAL EAU ASSAINISSEMENT DE L'ARIEGE,3D04,"Syndicat d'assainisement, eau potable",31206,Gaillac Toulza,O,1196,1
31206001A,S.I. DES EAUX DE LA RIVE GAUCHE DE L'ARIEGE,3D04,"Syndicat d'assainisement, eau potable",31206,Gaillac Toulza,O,1196,0
31585002A,S.E.M. PYRENEES SERVICES PUBLICS ,9G01,Société d'économie mixte,31207,Galié,O,87,1
31315001B,S.I. EAUX ET ASSAINISSEMENT DES VALLEES DE L'ARBAS ET BAS SALAT,3D04,"Syndicat d'assainisement, eau potable",31208,Ganties,O,305,1
31351001A,S.I. DES EAUX DE LA VALLEE DE LA SAVE ET DES COTEAUX DE CADOURS,3D04,"Syndicat d'assainisement, eau potable",31209,Garac,O,167,1
31396001B,SYNDICAT INTERCOMMUNAL DES EAUX DES COTEAUX HERS-ARIEGE,3D04,"Syndicat d'assainisement, eau potable",31210,Gardouch,O,1375,1
31490001A,S.I.A.E.P. DE LA REGION DE ST JORY CASTELNAU D'ESTRETEFONDS,3D04,"Syndicat d'assainisement, eau potable",31211,Gargas,O,614,1
31555052B,VEOLIA EAU - COMPAGNIE GENERALE DES EAUX ,9A01,Industriels,31212,Garidech,O,1562,1
31555272H,SYNDICAT MIXTE DE L'EAU ET DE L'ASSAINISSEMENT DE LA HAUTE-GARONNE,3D04,"Syndicat d'assainisement, eau potable",31213,Garin,O,139,1
31106001A,S.I.E. DE LA MONTAGNE NOIRE ,3D04,"Syndicat d'assainisement, eau potable",31215,Gauré,O,501,2
31555052B,VEOLIA EAU - COMPAGNIE GENERALE DES EAUX ,9A01,Industriels,31216,Gémil,O,270,1
31555272H,SYNDICAT MIXTE DE L'EAU ET DE L'ASSAINISSEMENT DE LA HAUTE-GARONNE,3D04,"Syndicat d'assainisement, eau potable",31217,Génos,O,96,1
31585002A,S.E.M. PYRENEES SERVICES PUBLICS ,9G01,Société d'économie mixte,31218,Gensac de Boulogne,O,111,1
09272001A,SYNDICAT MIXTE DEPARTEMENTAL EAU ASSAINISSEMENT DE L'ARIEGE,3D04,"Syndicat d'assainisement, eau potable",31219,Gensac sur Garonne,O,331,1
31396001B,SYNDICAT INTERCOMMUNAL DES EAUX DES COTEAUX HERS-ARIEGE,3D04,"Syndicat d'assainisement, eau potable",31220,Gibel,O,280,1
31221000A,COMMUNE DE GOUAUX DE LARBOUST ,2A01,Communes du bassin,31221,Gouaux de Larboust,O,46,1
31555272H,SYNDICAT MIXTE DE L'EAU ET DE L'ASSAINISSEMENT DE LA HAUTE-GARONNE,3D04,"Syndicat d'assainisement, eau potable",31222,Gouaux de Luchon,O,46,1
31585002A,S.E.M. PYRENEES SERVICES PUBLICS ,9G01,Société d'économie mixte,31223,Goudex,O,41,1
31585002A,S.E.M. PYRENEES SERVICES PUBLICS ,9G01,Société d'économie mixte,31224,Gourdan Polignan,O,1581,1
09272001A,SYNDICAT MIXTE DEPARTEMENTAL EAU ASSAINISSEMENT DE L'ARIEGE,3D04,"Syndicat d'assainisement, eau potable",31225,Goutevernisse,O,153,1
09272001A,SYNDICAT MIXTE DEPARTEMENTAL EAU ASSAINISSEMENT DE L'ARIEGE,3D04,"Syndicat d'assainisement, eau potable",31226,Gouzens,O,101,1
31254002B,COMMUNAUTE D'AGGLOMERATION DU SICOVAL ,3H01,Communautés d'agglomérations,31227,Goyrans,O,911,1
31106001A,S.I.E. DE LA MONTAGNE NOIRE ,3D04,"Syndicat d'assainisement, eau potable",31228,Gragnague,O,1614,1
31454001A,S.I. DES EAUX DES COTEAUX DU TOUCH,3D04,"Syndicat d'assainisement, eau potable",31229,Gratens,O,684,1
31555052B,VEOLIA EAU - COMPAGNIE GENERALE DES EAUX ,9A01,Industriels,31230,Gratentour,O,3682,1
31206001A,S.I. DES EAUX DE LA RIVE GAUCHE DE L'ARIEGE,3D04,"Syndicat d'assainisement, eau potable",31231,Grazac,O,505,1
31351001A,S.I. DES EAUX DE LA VALLEE DE LA SAVE ET DES COTEAUX DE CADOURS,3D04,"Syndicat d'assainisement, eau potable",31232,Grenade,O,7522,1
31490001A,S.I.A.E.P. DE LA REGION DE ST JORY CASTELNAU D'ESTRETEFONDS,3D04,"Syndicat d'assainisement, eau potable",31232,Grenade,O,7522,0
31555014C,LYONNAISE DES EAUX FRANCE ,9A01,Industriels,31232,Grenade,O,7522,0
31555272H,SYNDICAT MIXTE DE L'EAU ET DE L'ASSAINISSEMENT DE LA HAUTE-GARONNE,3D04,"Syndicat d'assainisement, eau potable",31232,Grenade,O,7522,0
31396001B,SYNDICAT INTERCOMMUNAL DES EAUX DES COTEAUX HERS-ARIEGE,3D04,"Syndicat d'assainisement, eau potable",31233,Grépiac,O,995,1
31351001A,S.I. DES EAUX DE LA VALLEE DE LA SAVE ET DES COTEAUX DE CADOURS,3D04,"Syndicat d'assainisement, eau potable",31234,Grès,O,283,1
31555272H,SYNDICAT MIXTE DE L'EAU ET DE L'ASSAINISSEMENT DE LA HAUTE-GARONNE,3D04,"Syndicat d'assainisement, eau potable",31235,Guran,O,56,1
31315001B,S.I. EAUX ET ASSAINISSEMENT DES VALLEES DE L'ARBAS ET BAS SALAT,3D04,"Syndicat d'assainisement, eau potable",31236,Herran,O,73,1
31315001B,S.I. EAUX ET ASSAINISSEMENT DES VALLEES DE L'ARBAS ET BAS SALAT,3D04,"Syndicat d'assainisement, eau potable",31237,His,O,246,1
31585002A,S.E.M. PYRENEES SERVICES PUBLICS ,9G01,Société d'économie mixte,31238,Huos,O,479,1
31585002A,S.E.M. PYRENEES SERVICES PUBLICS ,9G01,Société d'économie mixte,31239,Isle en Dodon,O,2110,1
31254002B,COMMUNAUTE D'AGGLOMERATION DU SICOVAL ,3H01,Communautés d'agglomérations,31240,Issus,O,394,1
31020001A,SYNDICAT DES EAUX ET DE L'ASSAINISSEMENT DE LA VALLEE DU JOB,3D04,"Syndicat d'assainisement, eau potable",31241,Izaut de l'Hôtel,O,319,1
31555272H,SYNDICAT MIXTE DE L'EAU ET DE L'ASSAINISSEMENT DE LA HAUTE-GARONNE,3D04,"Syndicat d'assainisement, eau potable",31242,Jurvielle,O,20,1
31106001A,S.I.E. DE LA MONTAGNE NOIRE ,3D04,"Syndicat d'assainisement, eau potable",31243,Juzes,O,90,1
31555272H,SYNDICAT MIXTE DE L'EAU ET DE L'ASSAINISSEMENT DE LA HAUTE-GARONNE,3D04,"Syndicat d'assainisement, eau potable",31244,Juzet de Luchon,O,400,1
31020001A,SYNDICAT DES EAUX ET DE L'ASSAINISSEMENT DE LA VALLEE DU JOB,3D04,"Syndicat d'assainisement, eau potable",31245,Juzet d'Izaut,O,206,1
31585002A,S.E.M. PYRENEES SERVICES PUBLICS ,9G01,Société d'économie mixte,31246,Labarthe Inard,O,864,1
31247001A,S.A.E.P. DE LA PLAINE DE RIVIERE ,3D04,"Syndicat d'assainisement, eau potable",31247,Labarthe Rivière,O,1359,1
31555272H,SYNDICAT MIXTE DE L'EAU ET DE L'ASSAINISSEMENT DE LA HAUTE-GARONNE,3D04,"Syndicat d'assainisement, eau potable",31247,Labarthe Rivière,O,1359,0
31421002A,S.I.V.O.M. PLAINE ARIEGE-GARONNE ,3D04,"Syndicat d'assainisement, eau potable",31248,Labarthe sur Lèze,O,4780,1
31254002B,COMMUNAUTE D'AGGLOMERATION DU SICOVAL ,3H01,Communautés d'agglomérations,31249,Labastide Beauvoir,O,1054,1
31454001A,S.I. DES EAUX DES COTEAUX DU TOUCH,3D04,"Syndicat d'assainisement, eau potable",31250,Labastide Clermont,O,661,1
31585002A,S.E.M. PYRENEES SERVICES PUBLICS ,9G01,Société d'économie mixte,31251,Labastide Paumès,O,133,1
31555052B,VEOLIA EAU - COMPAGNIE GENERALE DES EAUX ,9A01,Industriels,31252,Labastide Saint Sernin,O,1771,1
31454001A,S.I. DES EAUX DES COTEAUX DU TOUCH,3D04,"Syndicat d'assainisement, eau potable",31253,Labastidette,O,2073,1
31254002B,COMMUNAUTE D'AGGLOMERATION DU SICOVAL ,3H01,Communautés d'agglomérations,31254,Labège,O,3627,1
31585002A,S.E.M. PYRENEES SERVICES PUBLICS ,9G01,Société d'économie mixte,31255,Labroquère,O,333,1
31396001B,SYNDICAT INTERCOMMUNAL DES EAUX DES COTEAUX HERS-ARIEGE,3D04,"Syndicat d'assainisement, eau potable",31256,Labruyère Dorsa,O,242,1
09272001A,SYNDICAT MIXTE DEPARTEMENTAL EAU ASSAINISSEMENT DE L'ARIEGE,3D04,"Syndicat d'assainisement, eau potable",31258,Lacaugne,O,195,2
31254002B,COMMUNAUTE D'AGGLOMERATION DU SICOVAL ,3H01,Communautés d'agglomérations,31259,Lacroix Falgarde,O,2009,1
31585002A,S.E.M. PYRENEES SERVICES PUBLICS ,9G01,Société d'économie mixte,31260,Laffite Toupière,O,82,1
31454001A,S.I. DES EAUX DES COTEAUX DU TOUCH,3D04,"Syndicat d'assainisement, eau potable",31261,Lafitte Vigordane,O,1087,1
31396001B,SYNDICAT INTERCOMMUNAL DES EAUX DES COTEAUX HERS-ARIEGE,3D04,"Syndicat d'assainisement, eau potable",31262,Lagarde,O,300,1
31206001A,S.I. DES EAUX DE LA RIVE GAUCHE DE L'ARIEGE,3D04,"Syndicat d'assainisement, eau potable",31263,Lagardelle sur Lèze,O,2483,1
31206001A,S.I. DES EAUX DE LA RIVE GAUCHE DE L'ARIEGE,3D04,"Syndicat d'assainisement, eau potable",31264,Lagrâce Dieu,O,414,1
31351001A,S.I. DES EAUX DE LA VALLEE DE LA SAVE ET DES COTEAUX DE CADOURS,3D04,"Syndicat d'assainisement, eau potable",31265,Lagraulet Saint Nicolas,O,223,1
31454001A,S.I. DES EAUX DES COTEAUX DU TOUCH,3D04,"Syndicat d'assainisement, eau potable",31266,Lahage,O,240,1
09272001A,SYNDICAT MIXTE DEPARTEMENTAL EAU ASSAINISSEMENT DE L'ARIEGE,3D04,"Syndicat d'assainisement, eau potable",31267,Lahitère,O,55,1
31585002A,S.E.M. PYRENEES SERVICES PUBLICS ,9G01,Société d'économie mixte,31268,Lalouret Laffiteau,O,131,1
31454001A,S.I. DES EAUX DES COTEAUX DU TOUCH,3D04,"Syndicat d'assainisement, eau potable",31269,Lamasquère,O,1255,1
31585002A,S.E.M. PYRENEES SERVICES PUBLICS ,9G01,Société d'économie mixte,31270,Landorthe,O,965,1
31106001A,S.I.E. DE LA MONTAGNE NOIRE ,3D04,"Syndicat d'assainisement, eau potable",31271,Lanta,O,1568,1
09272001A,SYNDICAT MIXTE DEPARTEMENTAL EAU ASSAINISSEMENT DE L'ARIEGE,3D04,"Syndicat d'assainisement, eau potable",31272,Lapeyrère,O,80,1
31555052B,VEOLIA EAU - COMPAGNIE GENERALE DES EAUX ,9A01,Industriels,31273,Lapeyrouse Fossat,O,2658,1
31585002A,S.E.M. PYRENEES SERVICES PUBLICS ,9G01,Société d'économie mixte,31274,Larcan,O,186,1
31351001A,S.I. DES EAUX DE LA VALLEE DE LA SAVE ET DES COTEAUX DE CADOURS,3D04,"Syndicat d'assainisement, eau potable",31275,Laréole,O,138,1
31585002A,S.E.M. PYRENEES SERVICES PUBLICS ,9G01,Société d'économie mixte,31276,Larroque,O,313,1
31351001A,S.I. DES EAUX DE LA VALLEE DE LA SAVE ET DES COTEAUX DE CADOURS,3D04,"Syndicat d'assainisement, eau potable",31277,Lasserre,O,901,1
31585002A,S.E.M. PYRENEES SERVICES PUBLICS ,9G01,Société d'économie mixte,31278,Latoue,O,310,1
09272001A,SYNDICAT MIXTE DEPARTEMENTAL EAU ASSAINISSEMENT DE L'ARIEGE,3D04,"Syndicat d'assainisement, eau potable",31279,Latour,O,81,1
09272001A,SYNDICAT MIXTE DEPARTEMENTAL EAU ASSAINISSEMENT DE L'ARIEGE,3D04,"Syndicat d'assainisement, eau potable",31280,Latrape,O,348,1
31351001A,S.I. DES EAUX DE LA VALLEE DE LA SAVE ET DES COTEAUX DE CADOURS,3D04,"Syndicat d'assainisement, eau potable",31281,Launac,O,1224,1
31555052B,VEOLIA EAU - COMPAGNIE GENERALE DES EAUX ,9A01,Industriels,31282,Launaguet,O,7040,1
31454001A,S.I. DES EAUX DES COTEAUX DU TOUCH,3D04,"Syndicat d'assainisement, eau potable",31283,Lautignac,O,283,1
31254002B,COMMUNAUTE D'AGGLOMERATION DU SICOVAL ,3H01,Communautés d'agglomérations,31284,Lauzerville,O,1201,1
31106001A,S.I.E. DE LA MONTAGNE NOIRE ,3D04,"Syndicat d'assainisement, eau potable",31285,Lavalette,O,641,1
31286001A,S.I. DES EAUX DE LAVELANET ET ST JULIEN ,3D04,"Syndicat d'assainisement, eau potable",31286,Lavelanet de Comminges,O,562,1
31454001A,S.I. DES EAUX DES COTEAUX DU TOUCH,3D04,"Syndicat d'assainisement, eau potable",31287,Lavernose Lacasse,O,2645,1
31288001A,S.I. DES EAUX DE LA RIVE DROITE DU TARN ,3D04,"Syndicat d'assainisement, eau potable",31288,Layrac sur Tarn,O,328,1
31585002A,S.E.M. PYRENEES SERVICES PUBLICS ,9G01,Société d'économie mixte,31289,Lécussan,O,296,1
31555272H,SYNDICAT MIXTE DE L'EAU ET DE L'ASSAINISSEMENT DE LA HAUTE-GARONNE,3D04,"Syndicat d'assainisement, eau potable",31290,Lège,O,43,1
31291000A,COMMUNE DE LEGUEVIN ,2A01,Communes du bassin,31291,Léguevin,O,8044,1
31585002A,S.E.M. PYRENEES SERVICES PUBLICS ,9G01,Société d'économie mixte,31292,Lescuns,O,54,1
31555052B,VEOLIA EAU - COMPAGNIE GENERALE DES EAUX ,9A01,Industriels,31293,Lespinasse,O,2464,1
31555472A,COMMUNAUTE URBAINE TOULOUSE METROPOLE ,3G01,Communautés urbaines,31293,Lespinasse,O,2464,0
31020001A,SYNDICAT DES EAUX ET DE L'ASSAINISSEMENT DE LA VALLEE DU JOB,3D04,"Syndicat d'assainisement, eau potable",31294,Lespiteau,O,85,1
31585002A,S.E.M. PYRENEES SERVICES PUBLICS ,9G01,Société d'économie mixte,31295,Lespugue,O,74,1
31555272H,SYNDICAT MIXTE DE L'EAU ET DE L'ASSAINISSEMENT DE LA HAUTE-GARONNE,3D04,"Syndicat d'assainisement, eau potable",31296,Lestelle de Saint Martory,O,410,1
31351001A,S.I. DES EAUX DE LA VALLEE DE LA SAVE ET DES COTEAUX DE CADOURS,3D04,"Syndicat d'assainisement, eau potable",31297,Lévignac,O,2075,1
31471001A,S.I. DES EAUX DE LA REGION DE ST BEAT ,3D04,"Syndicat d'assainisement, eau potable",31298,Lez,O,61,1
31454001A,S.I. DES EAUX DES COTEAUX DU TOUCH,3D04,"Syndicat d'assainisement, eau potable",31299,Lherm,O,3333,1
31585002A,S.E.M. PYRENEES SERVICES PUBLICS ,9G01,Société d'économie mixte,31300,Lieoux,O,125,1
31585002A,S.E.M. PYRENEES SERVICES PUBLICS ,9G01,Société d'économie mixte,31301,Lilhac,O,135,1
31585002A,S.E.M. PYRENEES SERVICES PUBLICS ,9G01,Société d'économie mixte,31302,Lodes,O,282,1
31454001A,S.I. DES EAUX DES COTEAUX DU TOUCH,3D04,"Syndicat d'assainisement, eau potable",31303,Longages,O,2578,1
31106001A,S.I.E. DE LA MONTAGNE NOIRE ,3D04,"Syndicat d'assainisement, eau potable",31304,Loubens Lauragais,O,401,1
31585002A,S.E.M. PYRENEES SERVICES PUBLICS ,9G01,Société d'économie mixte,31305,Loudet,O,242,1
31585002A,S.E.M. PYRENEES SERVICES PUBLICS ,9G01,Société d'économie mixte,31306,Lourde,O,100,1
31585002A,S.E.M. PYRENEES SERVICES PUBLICS ,9G01,Société d'économie mixte,31307,Lunax,O,60,1
31585002A,S.E.M. PYRENEES SERVICES PUBLICS ,9G01,Société d'économie mixte,31308,Luscan,O,65,1
31454001A,S.I. DES EAUX DES COTEAUX DU TOUCH,3D04,"Syndicat d'assainisement, eau potable",31309,Lussan Adeilhac,O,216,1
31585002A,S.E.M. PYRENEES SERVICES PUBLICS ,9G01,Société d'économie mixte,31309,Lussan Adeilhac,O,216,0
31106001A,S.I.E. DE LA MONTAGNE NOIRE ,3D04,"Syndicat d'assainisement, eau potable",31310,Lux,O,331,1
31555052B,VEOLIA EAU - COMPAGNIE GENERALE DES EAUX ,9A01,Industriels,31311,Magdelaine sur Tarn,O,1006,1
09272001A,SYNDICAT MIXTE DEPARTEMENTAL EAU ASSAINISSEMENT DE L'ARIEGE,3D04,"Syndicat d'assainisement, eau potable",31312,Mailholas,O,41,1
31555272H,SYNDICAT MIXTE DE L'EAU ET DE L'ASSAINISSEMENT DE LA HAUTE-GARONNE,3D04,"Syndicat d'assainisement, eau potable",31313,Malvezie,O,124,1
31314000A,COMMUNE DE MANCIOUX ,2A01,Communes du bassin,31314,Mancioux,O,431,1
31585002A,S.E.M. PYRENEES SERVICES PUBLICS ,9G01,Société d'économie mixte,31314,Mancioux,O,431,0
31315001B,S.I. EAUX ET ASSAINISSEMENT DES VALLEES DE L'ARBAS ET BAS SALAT,3D04,"Syndicat d'assainisement, eau potable",31315,Mane,O,1032,1
31471001A,S.I. DES EAUX DE LA REGION DE ST BEAT ,3D04,"Syndicat d'assainisement, eau potable",31316,Marignac,O,535,1
31454001A,S.I. DES EAUX DES COTEAUX DU TOUCH,3D04,"Syndicat d'assainisement, eau potable",31317,Marignac Lasclares,O,364,1
31585002A,S.E.M. PYRENEES SERVICES PUBLICS ,9G01,Société d'économie mixte,31318,Marignac Laspeyres,O,177,1
31206001A,S.I. DES EAUX DE LA RIVE GAUCHE DE L'ARIEGE,3D04,"Syndicat d'assainisement, eau potable",31319,Marliac,O,105,1
09272001A,SYNDICAT MIXTE DEPARTEMENTAL EAU ASSAINISSEMENT DE L'ARIEGE,3D04,"Syndicat d'assainisement, eau potable",31320,Marquefave,O,1097,1
31555272H,SYNDICAT MIXTE DE L'EAU ET DE L'ASSAINISSEMENT DE LA HAUTE-GARONNE,3D04,"Syndicat d'assainisement, eau potable",31320,Marquefave,O,1097,0
31315001B,S.I. EAUX ET ASSAINISSEMENT DES VALLEES DE L'ARBAS ET BAS SALAT,3D04,"Syndicat d'assainisement, eau potable",31321,Marsoulas,O,148,1
31585002A,S.E.M. PYRENEES SERVICES PUBLICS ,9G01,Société d'économie mixte,31322,Martisserre,O,65,1
31247001A,S.A.E.P. DE LA PLAINE DE RIVIERE ,3D04,"Syndicat d'assainisement, eau potable",31323,Martres de Rivière,O,375,1
31585002A,S.E.M. PYRENEES SERVICES PUBLICS ,9G01,Société d'économie mixte,31324,Martres Tolosane,O,2285,1
31106001A,S.I.E. DE LA MONTAGNE NOIRE ,3D04,"Syndicat d'assainisement, eau potable",31325,Mascarville,O,206,1
09272001A,SYNDICAT MIXTE DEPARTEMENTAL EAU ASSAINISSEMENT DE L'ARIEGE,3D04,"Syndicat d'assainisement, eau potable",31326,Massabrac,O,76,1
31555272H,SYNDICAT MIXTE DE L'EAU ET DE L'ASSAINISSEMENT DE LA HAUTE-GARONNE,3D04,"Syndicat d'assainisement, eau potable",31327,Mauran,O,176,1
31106001A,S.I.E. DE LA MONTAGNE NOIRE ,3D04,"Syndicat d'assainisement, eau potable",31328,Mauremont,O,310,1
31106001A,S.I.E. DE LA MONTAGNE NOIRE ,3D04,"Syndicat d'assainisement, eau potable",31329,Maurens,O,208,1
31206001A,S.I. DES EAUX DE LA RIVE GAUCHE DE L'ARIEGE,3D04,"Syndicat d'assainisement, eau potable",31330,Mauressac,O,395,1
31106001A,S.I.E. DE LA MONTAGNE NOIRE ,3D04,"Syndicat d'assainisement, eau potable",31331,Maureville,O,300,1
31396001B,SYNDICAT INTERCOMMUNAL DES EAUX DES COTEAUX HERS-ARIEGE,3D04,"Syndicat d'assainisement, eau potable",31332,Mauvaisin,O,241,1
31585002A,S.E.M. PYRENEES SERVICES PUBLICS ,9G01,Société d'économie mixte,31333,Mauvezin,O,74,1
09272001A,SYNDICAT MIXTE DEPARTEMENTAL EAU ASSAINISSEMENT DE L'ARIEGE,3D04,"Syndicat d'assainisement, eau potable",31334,Mauzac,O,1072,1
31334000A,COMMUNE DE MAUZAC ,2A01,Communes du bassin,31334,Mauzac,O,1072,0
31555272H,SYNDICAT MIXTE DE L'EAU ET DE L'ASSAINISSEMENT DE LA HAUTE-GARONNE,3D04,"Syndicat d'assainisement, eau potable",31335,Mayrègne,O,25,1
31315001B,S.I. EAUX ET ASSAINISSEMENT DES VALLEES DE L'ARBAS ET BAS SALAT,3D04,"Syndicat d'assainisement, eau potable",31336,Mazères sur Salat,O,610,1
31555272H,SYNDICAT MIXTE DE L'EAU ET DE L'ASSAINISSEMENT DE LA HAUTE-GARONNE,3D04,"Syndicat d'assainisement, eau potable",31336,Mazères sur Salat,O,610,0
31555272H,SYNDICAT MIXTE DE L'EAU ET DE L'ASSAINISSEMENT DE LA HAUTE-GARONNE,3D04,"Syndicat d'assainisement, eau potable",31337,Melles,O,111,1
31351001A,S.I. DES EAUX DE LA VALLEE DE LA SAVE ET DES COTEAUX DE CADOURS,3D04,"Syndicat d'assainisement, eau potable",31338,Menville,O,510,1
31351001A,S.I. DES EAUX DE LA VALLEE DE LA SAVE ET DES COTEAUX DE CADOURS,3D04,"Syndicat d'assainisement, eau potable",31339,Mérenvielle,O,480,1
31254002B,COMMUNAUTE D'AGGLOMERATION DU SICOVAL ,3H01,Communautés d'agglomérations,31340,Mervilla,O,258,1
31351001A,S.I. DES EAUX DE LA VALLEE DE LA SAVE ET DES COTEAUX DE CADOURS,3D04,"Syndicat d'assainisement, eau potable",31341,Merville,O,4674,1
31342000A,COMMUNE DE MILHAS ,2A01,Communes du bassin,31342,Milhas,O,176,1
31585002A,S.E.M. PYRENEES SERVICES PUBLICS ,9G01,Société d'économie mixte,31343,Mirambeau,O,56,1
31344000A,COMMUNE DE MIRAMONT DE COMMINGES ,2A01,Communes du bassin,31344,Miramont de Comminges,O,856,1
31206001A,S.I. DES EAUX DE LA RIVE GAUCHE DE L'ARIEGE,3D04,"Syndicat d'assainisement, eau potable",31345,Miremont,O,1985,1
31288001A,S.I. DES EAUX DE LA RIVE DROITE DU TARN ,3D04,"Syndicat d'assainisement, eau potable",31346,Mirepoix sur Tarn,O,686,1
31585002A,S.E.M. PYRENEES SERVICES PUBLICS ,9G01,Société d'économie mixte,31347,Molas,O,173,1
31348000A,COMMUNE DE MONCAUP ,2A01,Communes du bassin,31348,Moncaup,O,31,1
31454001A,S.I. DES EAUX DES COTEAUX DU TOUCH,3D04,"Syndicat d'assainisement, eau potable",31349,Mondavezan,O,781,1
31585002A,S.E.M. PYRENEES SERVICES PUBLICS ,9G01,Société d'économie mixte,31350,Mondilhan,O,93,1
31555472A,COMMUNAUTE URBAINE TOULOUSE METROPOLE ,3G01,Communautés urbaines,31351,Mondonville,O,3509,1
31555472A,COMMUNAUTE URBAINE TOULOUSE METROPOLE ,3G01,Communautés urbaines,31352,Mondouzil,O,234,1
31454001A,S.I. DES EAUX DES COTEAUX DU TOUCH,3D04,"Syndicat d'assainisement, eau potable",31353,Monès,O,60,1
31396001B,SYNDICAT INTERCOMMUNAL DES EAUX DES COTEAUX HERS-ARIEGE,3D04,"Syndicat d'assainisement, eau potable",31354,Monestrol,O,57,1
31555472A,COMMUNAUTE URBAINE TOULOUSE METROPOLE ,3G01,Communautés urbaines,31355,Mons,O,1432,1
31351001A,S.I. DES EAUX DE LA VALLEE DE LA SAVE ET DES COTEAUX DE CADOURS,3D04,"Syndicat d'assainisement, eau potable",31356,Montaigut sur Save,O,1568,1
31315001B,S.I. EAUX ET ASSAINISSEMENT DES VALLEES DE L'ARBAS ET BAS SALAT,3D04,"Syndicat d'assainisement, eau potable",31357,Montastruc de Salies,O,280,1
31555052B,VEOLIA EAU - COMPAGNIE GENERALE DES EAUX ,9A01,Industriels,31358,Montastruc la Conseillère,O,3151,1
31454001A,S.I. DES EAUX DES COTEAUX DU TOUCH,3D04,"Syndicat d'assainisement, eau potable",31359,Montastruc Savès,O,73,1
31360000A,COMMUNE DE MONTAUBAN DE LUCHON ,2A01,Communes du bassin,31360,Montauban de Luchon,O,473,1
09272001A,SYNDICAT MIXTE DEPARTEMENTAL EAU ASSAINISSEMENT DE L'ARIEGE,3D04,"Syndicat d'assainisement, eau potable",31361,Montaut,O,521,1
09272001A,SYNDICAT MIXTE DEPARTEMENTAL EAU ASSAINISSEMENT DE L'ARIEGE,3D04,"Syndicat d'assainisement, eau potable",31362,Montberaud,O,210,1
31585002A,S.E.M. PYRENEES SERVICES PUBLICS ,9G01,Société d'économie mixte,31363,Montbernard,O,215,1
31555052B,VEOLIA EAU - COMPAGNIE GENERALE DES EAUX ,9A01,Industriels,31364,Montberon,O,2827,1
09272001A,SYNDICAT MIXTE DEPARTEMENTAL EAU ASSAINISSEMENT DE L'ARIEGE,3D04,"Syndicat d'assainisement, eau potable",31365,Montbrun Bocage,O,457,1
31254002B,COMMUNAUTE D'AGGLOMERATION DU SICOVAL ,3H01,Communautés d'agglomérations,31366,Montbrun Lauragais,O,562,1
31555272H,SYNDICAT MIXTE DE L'EAU ET DE L'ASSAINISSEMENT DE LA HAUTE-GARONNE,3D04,"Syndicat d'assainisement, eau potable",31367,Montclar de Comminges,O,76,1
31396001B,SYNDICAT INTERCOMMUNAL DES EAUX DES COTEAUX HERS-ARIEGE,3D04,"Syndicat d'assainisement, eau potable",31368,Montclar Lauragais,O,207,1
31585002A,S.E.M. PYRENEES SERVICES PUBLICS ,9G01,Société d'économie mixte,31369,Mont de Galié,O,43,1
31454001A,S.I. DES EAUX DES COTEAUX DU TOUCH,3D04,"Syndicat d'assainisement, eau potable",31370,Montégut Bourjac,O,118,1
31106001A,S.I.E. DE LA MONTAGNE NOIRE ,3D04,"Syndicat d'assainisement, eau potable",31371,Montégut Lauragais,O,462,1
31315001B,S.I. EAUX ET ASSAINISSEMENT DES VALLEES DE L'ARBAS ET BAS SALAT,3D04,"Syndicat d'assainisement, eau potable",31372,Montespan,O,447,1
31585002A,S.E.M. PYRENEES SERVICES PUBLICS ,9G01,Société d'économie mixte,31373,Montesquieu Guittaut,O,130,1
31396001B,SYNDICAT INTERCOMMUNAL DES EAUX DES COTEAUX HERS-ARIEGE,3D04,"Syndicat d'assainisement, eau potable",31374,Montesquieu Lauragais,O,923,1
09272001A,SYNDICAT MIXTE DEPARTEMENTAL EAU ASSAINISSEMENT DE L'ARIEGE,3D04,"Syndicat d'assainisement, eau potable",31375,Montesquieu Volvestre,O,2840,1
31315001B,S.I. EAUX ET ASSAINISSEMENT DES VALLEES DE L'ARBAS ET BAS SALAT,3D04,"Syndicat d'assainisement, eau potable",31376,Montgaillard de Salies,O,103,1
31106001A,S.I.E. DE LA MONTAGNE NOIRE ,3D04,"Syndicat d'assainisement, eau potable",31377,Montgaillard Lauragais,O,657,1
31585002A,S.E.M. PYRENEES SERVICES PUBLICS ,9G01,Société d'économie mixte,31378,Montgaillard sur Save,O,78,1
09272001A,SYNDICAT MIXTE DEPARTEMENTAL EAU ASSAINISSEMENT DE L'ARIEGE,3D04,"Syndicat d'assainisement, eau potable",31379,Montgazin,O,176,1
31396001B,SYNDICAT INTERCOMMUNAL DES EAUX DES COTEAUX HERS-ARIEGE,3D04,"Syndicat d'assainisement, eau potable",31380,Montgeard,O,436,1
31254002B,COMMUNAUTE D'AGGLOMERATION DU SICOVAL ,3H01,Communautés d'agglomérations,31381,Montgiscard,O,2117,1
31454001A,S.I. DES EAUX DES COTEAUX DU TOUCH,3D04,"Syndicat d'assainisement, eau potable",31382,Montgras,O,92,1
31555052B,VEOLIA EAU - COMPAGNIE GENERALE DES EAUX ,9A01,Industriels,31383,Montjoire,O,1163,1
31254002B,COMMUNAUTE D'AGGLOMERATION DU SICOVAL ,3H01,Communautés d'agglomérations,31384,Montlaur,O,1239,1
31585002A,S.E.M. PYRENEES SERVICES PUBLICS ,9G01,Société d'économie mixte,31385,Montmaurin,O,233,1
31585002A,S.E.M. PYRENEES SERVICES PUBLICS ,9G01,Société d'économie mixte,31386,Montoulieu Saint Bernard,O,179,1
31454001A,S.I. DES EAUX DES COTEAUX DU TOUCH,3D04,"Syndicat d'assainisement, eau potable",31387,Montoussin,O,114,1
31555052B,VEOLIA EAU - COMPAGNIE GENERALE DES EAUX ,9A01,Industriels,31388,Montpitol,O,388,1
31555472A,COMMUNAUTE URBAINE TOULOUSE METROPOLE ,3G01,Communautés urbaines,31389,Montrabé,O,3435,1
31585002A,S.E.M. PYRENEES SERVICES PUBLICS ,9G01,Société d'économie mixte,31390,Montréjeau,O,2799,1
31315001B,S.I. EAUX ET ASSAINISSEMENT DES VALLEES DE L'ARBAS ET BAS SALAT,3D04,"Syndicat d'assainisement, eau potable",31391,Montsaunès,O,439,1
31106001A,S.I.E. DE LA MONTAGNE NOIRE ,3D04,"Syndicat d'assainisement, eau potable",31392,Mourvilles Basses,O,64,1
31106001A,S.I.E. DE LA MONTAGNE NOIRE ,3D04,"Syndicat d'assainisement, eau potable",31393,Mourvilles Hautes,O,169,1
31555014C,LYONNAISE DES EAUX FRANCE ,9A01,Industriels,31394,Moustajon,O,179,1
31555052B,VEOLIA EAU - COMPAGNIE GENERALE DES EAUX ,9A01,Industriels,31395,Muret,O,24000,1
31396001B,SYNDICAT INTERCOMMUNAL DES EAUX DES COTEAUX HERS-ARIEGE,3D04,"Syndicat d'assainisement, eau potable",31396,Nailloux,O,2386,1
31585002A,S.E.M. PYRENEES SERVICES PUBLICS ,9G01,Société d'économie mixte,31397,Nénigan,O,56,1
31585002A,S.E.M. PYRENEES SERVICES PUBLICS ,9G01,Société d'économie mixte,31398,Nizan Gesse,O,90,1
31399000A,COMMUNE DE NOE ,2A01,Communes du bassin,31399,Noé,O,2581,1
31106001A,S.I.E. DE LA MONTAGNE NOIRE ,3D04,"Syndicat d'assainisement, eau potable",31400,Nogaret,O,74,1
31254002B,COMMUNAUTE D'AGGLOMERATION DU SICOVAL ,3H01,Communautés d'agglomérations,31401,Noueilles,O,330,1
31254002B,COMMUNAUTE D'AGGLOMERATION DU SICOVAL ,3H01,Communautés d'agglomérations,31402,Odars,O,717,1
31555272H,SYNDICAT MIXTE DE L'EAU ET DE L'ASSAINISSEMENT DE LA HAUTE-GARONNE,3D04,"Syndicat d'assainisement, eau potable",31403,Ondes,O,841,1
31585002A,S.E.M. PYRENEES SERVICES PUBLICS ,9G01,Société d'économie mixte,31405,Ore,O,113,2
31555272H,SYNDICAT MIXTE DE L'EAU ET DE L'ASSAINISSEMENT DE LA HAUTE-GARONNE,3D04,"Syndicat d'assainisement, eau potable",31406,Palaminy,O,829,1
31555052B,VEOLIA EAU - COMPAGNIE GENERALE DES EAUX ,9A01,Industriels,31407,Paulhac,O,1140,1
31020001A,SYNDICAT DES EAUX ET DE L'ASSAINISSEMENT DE LA VALLEE DU JOB,3D04,"Syndicat d'assainisement, eau potable",31408,Payssous,O,93,1
31254002B,COMMUNAUTE D'AGGLOMERATION DU SICOVAL ,3H01,Communautés d'agglomérations,31409,Péchabou,O,1808,1
31555052B,VEOLIA EAU - COMPAGNIE GENERALE DES EAUX ,9A01,Industriels,31410,Pechbonnieu,O,3824,1
31254002B,COMMUNAUTE D'AGGLOMERATION DU SICOVAL ,3H01,Communautés d'agglomérations,31411,Pechbusque,O,834,1
31585002A,S.E.M. PYRENEES SERVICES PUBLICS ,9G01,Société d'économie mixte,31412,Péguilhan,O,242,1
31351001A,S.I. DES EAUX DE LA VALLEE DE LA SAVE ET DES COTEAUX DE CADOURS,3D04,"Syndicat d'assainisement, eau potable",31413,Pelleport,O,505,1
31585002A,S.E.M. PYRENEES SERVICES PUBLICS ,9G01,Société d'économie mixte,31414,Peyrissas,O,101,1
31585002A,S.E.M. PYRENEES SERVICES PUBLICS ,9G01,Société d'économie mixte,31415,Peyrouzet,O,96,1
31454001A,S.I. DES EAUX DES COTEAUX DU TOUCH,3D04,"Syndicat d'assainisement, eau potable",31416,Peyssies,O,470,1
31555472A,COMMUNAUTE URBAINE TOULOUSE METROPOLE ,3G01,Communautés urbaines,31417,Pibrac,O,8236,1
31555472A,COMMUNAUTE URBAINE TOULOUSE METROPOLE ,3G01,Communautés urbaines,31418,Pin Balma,O,949,1
31454001A,S.I. DES EAUX DES COTEAUX DU TOUCH,3D04,"Syndicat d'assainisement, eau potable",31419,Pin Murelet,O,188,1
31421002A,S.I.V.O.M. PLAINE ARIEGE-GARONNE ,3D04,"Syndicat d'assainisement, eau potable",31420,Pinsaguel,O,2627,1
31421002A,S.I.V.O.M. PLAINE ARIEGE-GARONNE ,3D04,"Syndicat d'assainisement, eau potable",31421,Pins Justaret,O,4552,1
31422000A,COMMUNE DE PLAGNE ,2A01,Communes du bassin,31422,Plagne,O,94,1
31454001A,S.I. DES EAUX DES COTEAUX DU TOUCH,3D04,"Syndicat d'assainisement, eau potable",31423,Plagnole,O,275,1
31149006A,SYNDICAT INTERCOMMUNAL D'EAU POTABLE DE L'OUEST TOULOUSAIN,3D04,"Syndicat d'assainisement, eau potable",31424,Plaisance du Touch,O,16314,1
09272001A,SYNDICAT MIXTE DEPARTEMENTAL EAU ASSAINISSEMENT DE L'ARIEGE,3D04,"Syndicat d'assainisement, eau potable",31425,Plan,O,458,1
31426000A,COMMUNE DE POINTIS DE RIVIERE ,2A01,Communes du bassin,31426,Pointis de Rivière,O,868,1
31315001B,S.I. EAUX ET ASSAINISSEMENT DES VALLEES DE L'ARBAS ET BAS SALAT,3D04,"Syndicat d'assainisement, eau potable",31427,Pointis Inard,O,819,1
31454001A,S.I. DES EAUX DES COTEAUX DU TOUCH,3D04,"Syndicat d'assainisement, eau potable",31428,Polastron,O,62,1
31585002A,S.E.M. PYRENEES SERVICES PUBLICS ,9G01,Société d'économie mixte,31428,Polastron,O,62,0
31254002B,COMMUNAUTE D'AGGLOMERATION DU SICOVAL ,3H01,Communautés d'agglomérations,31429,Pompertuzat,O,1975,1
31585002A,S.E.M. PYRENEES SERVICES PUBLICS ,9G01,Société d'économie mixte,31430,Ponlat Taillebourg,O,579,1
31555272H,SYNDICAT MIXTE DE L'EAU ET DE L'ASSAINISSEMENT DE LA HAUTE-GARONNE,3D04,"Syndicat d'assainisement, eau potable",31431,Portet d'Aspet,O,74,1
31555272H,SYNDICAT MIXTE DE L'EAU ET DE L'ASSAINISSEMENT DE LA HAUTE-GARONNE,3D04,"Syndicat d'assainisement, eau potable",31432,Portet de Luchon,O,28,1
31157001A,S.I.V.O.M. DE LA SAUDRUNE ,3D04,"Syndicat d'assainisement, eau potable",31433,Portet sur Garonne,O,9891,1
31254002B,COMMUNAUTE D'AGGLOMERATION DU SICOVAL ,3H01,Communautés d'agglomérations,31433,Portet sur Garonne,O,9891,0
31555272H,SYNDICAT MIXTE DE L'EAU ET DE L'ASSAINISSEMENT DE LA HAUTE-GARONNE,3D04,"Syndicat d'assainisement, eau potable",31434,Poubeau,O,73,1
31454001A,S.I. DES EAUX DES COTEAUX DU TOUCH,3D04,"Syndicat d'assainisement, eau potable",31435,Poucharramet,O,846,1
31454001A,S.I. DES EAUX DES COTEAUX DU TOUCH,3D04,"Syndicat d'assainisement, eau potable",31436,Pouy de Touges,O,353,1
31254002B,COMMUNAUTE D'AGGLOMERATION DU SICOVAL ,3H01,Communautés d'agglomérations,31437,Pouze,O,99,1
31351001A,S.I. DES EAUX DE LA VALLEE DE LA SAVE ET DES COTEAUX DE CADOURS,3D04,"Syndicat d'assainisement, eau potable",31438,Pradère les Bourguets,O,242,1
31106001A,S.I.E. DE LA MONTAGNE NOIRE ,3D04,"Syndicat d'assainisement, eau potable",31439,Préserville,O,615,1
31585002A,S.E.M. PYRENEES SERVICES PUBLICS ,9G01,Société d'économie mixte,31440,Proupiary,O,69,1
31106001A,S.I.E. DE LA MONTAGNE NOIRE ,3D04,"Syndicat d'assainisement, eau potable",31441,Prunet,O,151,1
31206001A,S.I. DES EAUX DE LA RIVE GAUCHE DE L'ARIEGE,3D04,"Syndicat d'assainisement, eau potable",31442,Puydaniel,O,393,1
31585002A,S.E.M. PYRENEES SERVICES PUBLICS ,9G01,Société d'économie mixte,31443,Puymaurin,O,303,1
31351001A,S.I. DES EAUX DE LA VALLEE DE LA SAVE ET DES COTEAUX DE CADOURS,3D04,"Syndicat d'assainisement, eau potable",31444,Puysségur,O,109,1
31555472A,COMMUNAUTE URBAINE TOULOUSE METROPOLE ,3G01,Communautés urbaines,31445,Quint Fonsegrives,O,4649,1
31254002B,COMMUNAUTE D'AGGLOMERATION DU SICOVAL ,3H01,Communautés d'agglomérations,31446,Ramonville Saint Agne,O,11870,1
31555272H,SYNDICAT MIXTE DE L'EAU ET DE L'ASSAINISSEMENT DE LA HAUTE-GARONNE,3D04,"Syndicat d'assainisement, eau potable",31447,Razecueillé,O,32,1
31254002B,COMMUNAUTE D'AGGLOMERATION DU SICOVAL ,3H01,Communautés d'agglomérations,31448,Rebigue,O,520,1
31020001A,SYNDICAT DES EAUX ET DE L'ASSAINISSEMENT DE LA VALLEE DU JOB,3D04,"Syndicat d'assainisement, eau potable",31449,Régades,O,132,1
31106001A,S.I.E. DE LA MONTAGNE NOIRE ,3D04,"Syndicat d'assainisement, eau potable",31450,Renneville,O,480,1
31396001B,SYNDICAT INTERCOMMUNAL DES EAUX DES COTEAUX HERS-ARIEGE,3D04,"Syndicat d'assainisement, eau potable",31450,Renneville,O,480,0
31555014C,LYONNAISE DES EAUX FRANCE ,9A01,Industriels,31451,Revel,O,9543,1
31020001A,SYNDICAT DES EAUX ET DE L'ASSAINISSEMENT DE LA VALLEE DU JOB,3D04,"Syndicat d'assainisement, eau potable",31452,Rieucazé,O,48,1
31106001A,S.I.E. DE LA MONTAGNE NOIRE ,3D04,"Syndicat d'assainisement, eau potable",31453,Rieumajou,O,128,1
31454001A,S.I. DES EAUX DES COTEAUX DU TOUCH,3D04,"Syndicat d'assainisement, eau potable",31454,Rieumes,O,3339,1
09272001A,SYNDICAT MIXTE DEPARTEMENTAL EAU ASSAINISSEMENT DE L'ARIEGE,3D04,"Syndicat d'assainisement, eau potable",31455,Rieux Volvestre,O,2458,1
31585002A,S.E.M. PYRENEES SERVICES PUBLICS ,9G01,Société d'économie mixte,31456,Riolas,O,52,1
31457000A,COMMUNE DE ROQUEFORT SUR GARONNE ,2A01,Communes du bassin,31457,Roquefort sur Garonne,O,787,1
31157001A,S.I.V.O.M. DE LA SAUDRUNE ,3D04,"Syndicat d'assainisement, eau potable",31458,Roques,O,3761,1
31555052B,VEOLIA EAU - COMPAGNIE GENERALE DES EAUX ,9A01,Industriels,31459,Roquesérière,O,689,1
31421002A,S.I.V.O.M. PLAINE ARIEGE-GARONNE ,3D04,"Syndicat d'assainisement, eau potable",31460,Roquettes,O,3560,1
31315001B,S.I. EAUX ET ASSAINISSEMENT DES VALLEES DE L'ARBAS ET BAS SALAT,3D04,"Syndicat d'assainisement, eau potable",31461,Rouède,O,290,1
31555052B,VEOLIA EAU - COMPAGNIE GENERALE DES EAUX ,9A01,Industriels,31462,Rouffiac Tolosan,O,1741,1
31106001A,S.I.E. DE LA MONTAGNE NOIRE ,3D04,"Syndicat d'assainisement, eau potable",31463,Roumens,O,238,1
31454001A,S.I. DES EAUX DES COTEAUX DU TOUCH,3D04,"Syndicat d'assainisement, eau potable",31464,Sabonnères,O,288,1
31555272H,SYNDICAT MIXTE DE L'EAU ET DE L'ASSAINISSEMENT DE LA HAUTE-GARONNE,3D04,"Syndicat d'assainisement, eau potable",31465,Saccourvielle,O,13,1
31454001A,S.I. DES EAUX DES COTEAUX DU TOUCH,3D04,"Syndicat d'assainisement, eau potable",31466,Saiguède,O,696,1
31555052B,VEOLIA EAU - COMPAGNIE GENERALE DES EAUX ,9A01,Industriels,31467,Saint Alban,O,5664,1
31585002A,S.E.M. PYRENEES SERVICES PUBLICS ,9G01,Société d'économie mixte,31468,Saint André,O,216,1
31585002A,S.E.M. PYRENEES SERVICES PUBLICS ,9G01,Société d'économie mixte,31469,Saint Araille,O,147,1
31470000A,COMMUNE DE SAINT AVENTIN ,2A01,Communes du bassin,31470,Saint Aventin,O,97,1
31471001A,S.I. DES EAUX DE LA REGION DE ST BEAT ,3D04,"Syndicat d'assainisement, eau potable",31471,Saint Béat,O,398,1
31585002A,S.E.M. PYRENEES SERVICES PUBLICS ,9G01,Société d'économie mixte,31472,Saint Bertrand de Comminges,O,261,1
31351001A,S.I. DES EAUX DE LA VALLEE DE LA SAVE ET DES COTEAUX DE CADOURS,3D04,"Syndicat d'assainisement, eau potable",31473,Saint Cézert,O,346,1
09272001A,SYNDICAT MIXTE DEPARTEMENTAL EAU ASSAINISSEMENT DE L'ARIEGE,3D04,"Syndicat d'assainisement, eau potable",31474,Saint Christaud,O,263,1
31454001A,S.I. DES EAUX DES COTEAUX DU TOUCH,3D04,"Syndicat d'assainisement, eau potable",31475,Saint Clar de Rivière,O,1233,1
31454001A,S.I. DES EAUX DES COTEAUX DU TOUCH,3D04,"Syndicat d'assainisement, eau potable",31476,Saint Elix le Château,O,699,1
31585002A,S.E.M. PYRENEES SERVICES PUBLICS ,9G01,Société d'économie mixte,31477,Saint Elix Séglan,O,42,1
31106001A,S.I.E. DE LA MONTAGNE NOIRE ,3D04,"Syndicat d'assainisement, eau potable",31478,Saint Félix Lauragais,O,1390,1
31585002A,S.E.M. PYRENEES SERVICES PUBLICS ,9G01,Société d'économie mixte,31479,Saint Ferréol de Comminges,O,58,1
31106001A,S.I.E. DE LA MONTAGNE NOIRE ,3D04,"Syndicat d'assainisement, eau potable",31480,Sainte Foy d'Aigrefeuille,O,2008,1
31454001A,S.I. DES EAUX DES COTEAUX DU TOUCH,3D04,"Syndicat d'assainisement, eau potable",31481,Sainte Foy de Peyrolières,O,2001,1
31585002A,S.E.M. PYRENEES SERVICES PUBLICS ,9G01,Société d'économie mixte,31482,Saint Frajou,O,184,1
31585002A,S.E.M. PYRENEES SERVICES PUBLICS ,9G01,Société d'économie mixte,31483,Saint Gaudens,O,12142,1
31555052B,VEOLIA EAU - COMPAGNIE GENERALE DES EAUX ,9A01,Industriels,31484,Saint Geniès Bellevue,O,2198,1
31106001A,S.I.E. DE LA MONTAGNE NOIRE ,3D04,"Syndicat d'assainisement, eau potable",31485,Saint Germier,O,98,1
31454001A,S.I. DES EAUX DES COTEAUX DU TOUCH,3D04,"Syndicat d'assainisement, eau potable",31486,Saint Hilaire,O,1084,1
31585002A,S.E.M. PYRENEES SERVICES PUBLICS ,9G01,Société d'économie mixte,31487,Saint Ignan,O,278,1
31555052B,VEOLIA EAU - COMPAGNIE GENERALE DES EAUX ,9A01,Industriels,31488,Saint Jean,O,10105,1
31555052B,VEOLIA EAU - COMPAGNIE GENERALE DES EAUX ,9A01,Industriels,31489,Saint Jean Lherm,O,362,1
31555472A,COMMUNAUTE URBAINE TOULOUSE METROPOLE ,3G01,Communautés urbaines,31490,Saint Jory,O,5082,1
31106001A,S.I.E. DE LA MONTAGNE NOIRE ,3D04,"Syndicat d'assainisement, eau potable",31491,Saint Julia,O,386,1
31286001A,S.I. DES EAUX DE LAVELANET ET ST JULIEN ,3D04,"Syndicat d'assainisement, eau potable",31492,Saint Julien sur Garonne,O,463,1
31585002A,S.E.M. PYRENEES SERVICES PUBLICS ,9G01,Société d'économie mixte,31493,Saint Lary Boujean,O,120,1
31585002A,S.E.M. PYRENEES SERVICES PUBLICS ,9G01,Société d'économie mixte,31494,Saint Laurent,O,162,1
31396001B,SYNDICAT INTERCOMMUNAL DES EAUX DES COTEAUX HERS-ARIEGE,3D04,"Syndicat d'assainisement, eau potable",31495,Saint Léon,O,1067,1
31351001A,S.I. DES EAUX DE LA VALLEE DE LA SAVE ET DES COTEAUX DE CADOURS,3D04,"Syndicat d'assainisement, eau potable",31496,Sainte Livrade,O,294,1
31555052B,VEOLIA EAU - COMPAGNIE GENERALE DES EAUX ,9A01,Industriels,31497,Saint Loup Cammas,O,1853,1
31585002A,S.E.M. PYRENEES SERVICES PUBLICS ,9G01,Société d'économie mixte,31498,Saint Loup en Comminges,O,40,1
31454001A,S.I. DES EAUX DES COTEAUX DU TOUCH,3D04,"Syndicat d'assainisement, eau potable",31499,Saint Lys,O,8409,1
31500000A,COMMUNE DE SAINT MAMET ,2A01,Communes du bassin,31500,Saint Mamet,O,633,1
31106001A,S.I.E. DE LA MONTAGNE NOIRE ,3D04,"Syndicat d'assainisement, eau potable",31501,Saint Marcel Paulel,O,461,1
31585002A,S.E.M. PYRENEES SERVICES PUBLICS ,9G01,Société d'économie mixte,31502,Saint Marcet,O,405,1
31585002A,S.E.M. PYRENEES SERVICES PUBLICS ,9G01,Société d'économie mixte,31503,Saint Martory,O,862,1
31585002A,S.E.M. PYRENEES SERVICES PUBLICS ,9G01,Société d'économie mixte,31504,Saint Médard,O,209,1
31555272H,SYNDICAT MIXTE DE L'EAU ET DE L'ASSAINISSEMENT DE LA HAUTE-GARONNE,3D04,"Syndicat d'assainisement, eau potable",31505,Saint Michel,O,328,1
31555014C,LYONNAISE DES EAUX FRANCE ,9A01,Industriels,31506,Saint Orens de Gameville,O,11128,1
31351001A,S.I. DES EAUX DE LA VALLEE DE LA SAVE ET DES COTEAUX DE CADOURS,3D04,"Syndicat d'assainisement, eau potable",31507,Saint Paul sur Save,O,1290,1
31555272H,SYNDICAT MIXTE DE L'EAU ET DE L'ASSAINISSEMENT DE LA HAUTE-GARONNE,3D04,"Syndicat d'assainisement, eau potable",31508,Saint Paul d'Oueil,O,53,1
31585002A,S.E.M. PYRENEES SERVICES PUBLICS ,9G01,Société d'économie mixte,31509,Saint Pé d'Ardet,O,136,1
31585002A,S.E.M. PYRENEES SERVICES PUBLICS ,9G01,Société d'économie mixte,31510,Saint Pé Delbosc,O,125,1
31106001A,S.I.E. DE LA MONTAGNE NOIRE ,3D04,"Syndicat d'assainisement, eau potable",31511,Saint Pierre,O,253,1
31106001A,S.I.E. DE LA MONTAGNE NOIRE ,3D04,"Syndicat d'assainisement, eau potable",31512,Saint Pierre de Lages,O,763,1
31585002A,S.E.M. PYRENEES SERVICES PUBLICS ,9G01,Société d'économie mixte,31513,Saint Plancard,O,388,1
31106001A,S.I.E. DE LA MONTAGNE NOIRE ,3D04,"Syndicat d'assainisement, eau potable",31514,Saint Rome,O,61,1
31490001A,S.I.A.E.P. DE LA REGION DE ST JORY CASTELNAU D'ESTRETEFONDS,3D04,"Syndicat d'assainisement, eau potable",31515,Saint Rustice,O,437,1
31490001A,S.I.A.E.P. DE LA REGION DE ST JORY CASTELNAU D'ESTRETEFONDS,3D04,"Syndicat d'assainisement, eau potable",31516,Saint Sauveur,O,1768,1
09272001A,SYNDICAT MIXTE DEPARTEMENTAL EAU ASSAINISSEMENT DE L'ARIEGE,3D04,"Syndicat d'assainisement, eau potable",31517,Saint Sulpice sur Lèze,O,1871,1
31454001A,S.I. DES EAUX DES COTEAUX DU TOUCH,3D04,"Syndicat d'assainisement, eau potable",31518,Saint Thomas,O,571,1
31106001A,S.I.E. DE LA MONTAGNE NOIRE ,3D04,"Syndicat d'assainisement, eau potable",31519,Saint Vincent,O,158,1
31454001A,S.I. DES EAUX DES COTEAUX DU TOUCH,3D04,"Syndicat d'assainisement, eau potable",31520,Sajas,O,94,1
31521000A,COMMUNE DE SALEICH ,2A01,Communes du bassin,31521,Saleich,O,384,1
31585002A,S.E.M. PYRENEES SERVICES PUBLICS ,9G01,Société d'économie mixte,31522,Salerm,O,54,1
31315001B,S.I. EAUX ET ASSAINISSEMENT DES VALLEES DE L'ARBAS ET BAS SALAT,3D04,"Syndicat d'assainisement, eau potable",31523,Salies du Salat,O,2020,1
31555014C,LYONNAISE DES EAUX FRANCE ,9A01,Industriels,31523,Salies du Salat,O,2020,0
31555272H,SYNDICAT MIXTE DE L'EAU ET DE L'ASSAINISSEMENT DE LA HAUTE-GARONNE,3D04,"Syndicat d'assainisement, eau potable",31523,Salies du Salat,O,2020,0
31555272H,SYNDICAT MIXTE DE L'EAU ET DE L'ASSAINISSEMENT DE LA HAUTE-GARONNE,3D04,"Syndicat d'assainisement, eau potable",31524,Salles et Pratviel,O,134,1
09272001A,SYNDICAT MIXTE DEPARTEMENTAL EAU ASSAINISSEMENT DE L'ARIEGE,3D04,"Syndicat d'assainisement, eau potable",31525,Salles sur Garonne,O,498,1
31149006A,SYNDICAT INTERCOMMUNAL D'EAU POTABLE DE L'OUEST TOULOUSAIN,3D04,"Syndicat d'assainisement, eau potable",31526,Salvetat Saint Gilles,O,6777,1
31106001A,S.I.E. DE LA MONTAGNE NOIRE ,3D04,"Syndicat d'assainisement, eau potable",31527,Salvetat Lauragais,O,143,1
31585002A,S.E.M. PYRENEES SERVICES PUBLICS ,9G01,Société d'économie mixte,31528,Saman,O,155,1
31585002A,S.E.M. PYRENEES SERVICES PUBLICS ,9G01,Société d'économie mixte,31529,Samouillan,O,116,1
31585002A,S.E.M. PYRENEES SERVICES PUBLICS ,9G01,Société d'économie mixte,31530,Sana,O,216,1
31585002A,S.E.M. PYRENEES SERVICES PUBLICS ,9G01,Société d'économie mixte,31531,Sarrecave,O,83,1
31585002A,S.E.M. PYRENEES SERVICES PUBLICS ,9G01,Société d'économie mixte,31532,Sarremezan,O,90,1
31421002A,S.I.V.O.M. PLAINE ARIEGE-GARONNE ,3D04,"Syndicat d'assainisement, eau potable",31533,Saubens,O,1808,1
31106001A,S.I.E. DE LA MONTAGNE NOIRE ,3D04,"Syndicat d'assainisement, eau potable",31534,Saussens,O,260,1
31535000A,COMMUNE DE SAUVETERRE DE COMMINGES ,2A01,Communes du bassin,31535,Sauveterre de Comminges,O,741,1
31585002A,S.E.M. PYRENEES SERVICES PUBLICS ,9G01,Société d'économie mixte,31536,Saux et Pomarède,O,284,1
31585002A,S.E.M. PYRENEES SERVICES PUBLICS ,9G01,Société d'économie mixte,31537,Savarthès,O,142,1
31454001A,S.I. DES EAUX DES COTEAUX DU TOUCH,3D04,"Syndicat d'assainisement, eau potable",31538,Savères,O,210,1
31585002A,S.E.M. PYRENEES SERVICES PUBLICS ,9G01,Société d'économie mixte,31539,Sédeilhac,O,65,1
31106001A,S.I.E. DE LA MONTAGNE NOIRE ,3D04,"Syndicat d'assainisement, eau potable",31540,Ségreville,O,198,1
31555472A,COMMUNAUTE URBAINE TOULOUSE METROPOLE ,3G01,Communautés urbaines,31541,Seilh,O,3078,1
31585002A,S.E.M. PYRENEES SERVICES PUBLICS ,9G01,Société d'économie mixte,31542,Seilhan,O,207,1
31585002A,S.E.M. PYRENEES SERVICES PUBLICS ,9G01,Société d'économie mixte,31543,Sénarens,O,111,1
31020001A,SYNDICAT DES EAUX ET DE L'ASSAINISSEMENT DE LA VALLEE DU JOB,3D04,"Syndicat d'assainisement, eau potable",31544,Sengouagnet,O,229,1
31544000A,COMMUNE DE SENGOUAGNET ,2A01,Communes du bassin,31544,Sengouagnet,O,229,0
31585002A,S.E.M. PYRENEES SERVICES PUBLICS ,9G01,Société d'économie mixte,31545,Sepx,O,185,1
31396001B,SYNDICAT INTERCOMMUNAL DES EAUX DES COTEAUX HERS-ARIEGE,3D04,"Syndicat d'assainisement, eau potable",31546,Seyre,O,100,1
31157001A,S.I.V.O.M. DE LA SAUDRUNE ,3D04,"Syndicat d'assainisement, eau potable",31547,Seysses,O,7816,1
31548000A,COMMUNE DE SIGNAC ,2A01,Communes du bassin,31548,Signac,O,55,1
31549000A,COMMUNE DE SODE ,2A01,Communes du bassin,31549,Sode,O,24,1
31020001A,SYNDICAT DES EAUX ET DE L'ASSAINISSEMENT DE LA VALLEE DU JOB,3D04,"Syndicat d'assainisement, eau potable",31550,Soueich,O,543,1
31106001A,S.I.E. DE LA MONTAGNE NOIRE ,3D04,"Syndicat d'assainisement, eau potable",31551,Tarabel,O,348,1
31585002A,S.E.M. PYRENEES SERVICES PUBLICS ,9G01,Société d'économie mixte,31552,Terrebasse,O,131,1
31351001A,S.I. DES EAUX DE LA VALLEE DE LA SAVE ET DES COTEAUX DE CADOURS,3D04,"Syndicat d'assainisement, eau potable",31553,Thil,O,1091,1
31315001B,S.I. EAUX ET ASSAINISSEMENT DES VALLEES DE L'ARBAS ET BAS SALAT,3D04,"Syndicat d'assainisement, eau potable",31554,Touille,O,274,1
31555052B,VEOLIA EAU - COMPAGNIE GENERALE DES EAUX ,9A01,Industriels,31555,Toulouse,O,446340,1
31585002A,S.E.M. PYRENEES SERVICES PUBLICS ,9G01,Société d'économie mixte,31556,Tourreilles,O,390,1
31555472A,COMMUNAUTE URBAINE TOULOUSE METROPOLE ,3G01,Communautés urbaines,31557,Tournefeuille,O,26059,1
31106001A,S.I.E. DE LA MONTAGNE NOIRE ,3D04,"Syndicat d'assainisement, eau potable",31558,Toutens,O,177,1
31559000A,COMMUNE DE TREBONS DE LUCHON ,2A01,Communes du bassin,31559,Trébons de Luchon,O,7,1
31106001A,S.I.E. DE LA MONTAGNE NOIRE ,3D04,"Syndicat d'assainisement, eau potable",31560,Trébons sur la Grasse,O,421,1
31555052B,VEOLIA EAU - COMPAGNIE GENERALE DES EAUX ,9A01,Industriels,31561,Union,O,12383,1
31315001B,S.I. EAUX ET ASSAINISSEMENT DES VALLEES DE L'ARBAS ET BAS SALAT,3D04,"Syndicat d'assainisement, eau potable",31562,Urau,O,145,1
31490001A,S.I.A.E.P. DE LA REGION DE ST JORY CASTELNAU D'ESTRETEFONDS,3D04,"Syndicat d'assainisement, eau potable",31563,Vacquiers,O,1320,1
31564000A,COMMUNE DE VALCABRERE ,2A01,Communes du bassin,31564,Valcabrère,O,165,1
31585002A,S.E.M. PYRENEES SERVICES PUBLICS ,9G01,Société d'économie mixte,31565,Valentine,O,891,1
31106001A,S.I.E. DE LA MONTAGNE NOIRE ,3D04,"Syndicat d'assainisement, eau potable",31566,Vallègue,O,489,1
31106001A,S.I.E. DE LA MONTAGNE NOIRE ,3D04,"Syndicat d'assainisement, eau potable",31567,Vallesvilles,O,369,1
31254002B,COMMUNAUTE D'AGGLOMERATION DU SICOVAL ,3H01,Communautés d'agglomérations,31568,Varennes,O,255,1
31106001A,S.I.E. DE LA MONTAGNE NOIRE ,3D04,"Syndicat d'assainisement, eau potable",31569,Vaudreuille,O,345,1
31106001A,S.I.E. DE LA MONTAGNE NOIRE ,3D04,"Syndicat d'assainisement, eau potable",31570,Vaux,O,266,1
31106001A,S.I.E. DE LA MONTAGNE NOIRE ,3D04,"Syndicat d'assainisement, eau potable",31571,Vendine,O,238,1
31555272H,SYNDICAT MIXTE DE L'EAU ET DE L'ASSAINISSEMENT DE LA HAUTE-GARONNE,3D04,"Syndicat d'assainisement, eau potable",31572,Venerque,O,2683,1
31106001A,S.I.E. DE LA MONTAGNE NOIRE ,3D04,"Syndicat d'assainisement, eau potable",31573,Verfeil,O,3047,1
31421002A,S.I.V.O.M. PLAINE ARIEGE-GARONNE ,3D04,"Syndicat d'assainisement, eau potable",31574,Vernet,O,2164,1
31254002B,COMMUNAUTE D'AGGLOMERATION DU SICOVAL ,3H01,Communautés d'agglomérations,31575,Vieille Toulouse,O,1130,1
31396001B,SYNDICAT INTERCOMMUNAL DES EAUX DES COTEAUX HERS-ARIEGE,3D04,"Syndicat d'assainisement, eau potable",31576,Vieillevigne,O,298,1
31351001A,S.I. DES EAUX DE LA VALLEE DE LA SAVE ET DES COTEAUX DE CADOURS,3D04,"Syndicat d'assainisement, eau potable",31577,Vignaux,O,121,1
31254002B,COMMUNAUTE D'AGGLOMERATION DU SICOVAL ,3H01,Communautés d'agglomérations,31578,Vigoulet Auzil,O,984,1
31555052B,VEOLIA EAU - COMPAGNIE GENERALE DES EAUX ,9A01,Industriels,31579,Villariès,O,826,1
31421002A,S.I.V.O.M. PLAINE ARIEGE-GARONNE ,3D04,"Syndicat d'assainisement, eau potable",31580,Villate,O,774,1
31581000A,COMMUNE DE VILLAUDRIC ,2A01,Communes du bassin,31581,Villaudric,O,1420,1
31106001A,S.I.E. DE LA MONTAGNE NOIRE ,3D04,"Syndicat d'assainisement, eau potable",31582,Villefranche de Lauragais,O,4068,1
31555052B,VEOLIA EAU - COMPAGNIE GENERALE DES EAUX ,9A01,Industriels,31583,Villematier,O,994,1
31555272H,SYNDICAT MIXTE DE L'EAU ET DE L'ASSAINISSEMENT DE LA HAUTE-GARONNE,3D04,"Syndicat d'assainisement, eau potable",31584,Villemur sur Tarn,O,5399,1
31585002A,S.E.M. PYRENEES SERVICES PUBLICS ,9G01,Société d'économie mixte,31585,Villeneuve de Rivière,O,1576,1
31585002A,S.E.M. PYRENEES SERVICES PUBLICS ,9G01,Société d'économie mixte,31586,Villeneuve Lécussan,O,561,1
31490001A,S.I.A.E.P. DE LA REGION DE ST JORY CASTELNAU D'ESTRETEFONDS,3D04,"Syndicat d'assainisement, eau potable",31587,Villeneuve lès Bouloc,O,1042,1
31555472A,COMMUNAUTE URBAINE TOULOUSE METROPOLE ,3G01,Communautés urbaines,31588,Villeneuve Tolosane,O,8401,1
31106001A,S.I.E. DE LA MONTAGNE NOIRE ,3D04,"Syndicat d'assainisement, eau potable",31589,Villenouvelle,O,1316,1
31555272H,SYNDICAT MIXTE DE L'EAU ET DE L'ASSAINISSEMENT DE LA HAUTE-GARONNE,3D04,"Syndicat d'assainisement, eau potable",31590,Binos,O,32,1
09261001A,S.A.E.P. DU COUSERANS ,3D04,"Syndicat d'assainisement, eau potable",31591,Escoulis,O,76,1
31351001A,S.I. DES EAUX DE LA VALLEE DE LA SAVE ET DES COTEAUX DE CADOURS,3D04,"Syndicat d'assainisement, eau potable",31592,Larra,O,1392,1
31585002A,S.E.M. PYRENEES SERVICES PUBLICS ,9G01,Société d'économie mixte,31593,Cazac,O,83,1
