NomVille,MAJ,CodePostal,CodeINSEE,CodeRegion,Latitude,Longitude,Eloignement
 Agassac ,AGASSAC   ,31230,31001,72,43.366667,0.883333,0.73
 Aignes ,AIGNES   ,31550,31002,72,43.316667,1.6,1.42
 Aigrefeuille ,AIGREFEUILLE   ,31280,31003,72,43.566667,1.6,1.36
 Ayguesvives ,AYGUESVIVES   ,31450,31004,72,43.433333,1.6,1.36
 Alan ,ALAN   ,31420,31005,72,43.216667,0.95,1.09
 Ambax ,AMBAX   ,31230,31007,72,43.366667,0.933333,1.27
 Anan ,ANAN   ,31230,31008,72,43.35,0.833333,0.88
 Antichan-de-Frontignes ,ANTICHAN DE FRONTIGNES ,31510,31009,72,42.966667,0.666667,1.62
 Antignac ,ANTIGNAC   ,31110,31010,72,42.833333,0.6,2.22
 Arbas ,ARBAS   ,31160,31011,72,43,0.9,1.47
 Arbon ,ARBON   ,31160,31012,72,43,0.75,1.47
 Ardiège ,ARDIEGE   ,31210,31013,72,43.066667,0.65,1.54
 Arguenos ,ARGUENOS   ,31160,31014,72,42.966667,0.716667,1.62
 Argut-Dessous ,ARGUT DESSOUS  ,31440,31015,72,42.883333,0.716667,2
 Argut-Dessus ,ARGUT DESSUS  ,31440,31016,72,42.9,0.733333,1.92
 Arlos ,ARLOS   ,31440,31017,72,42.9,0.7,1.92
 Arnaud-Guilhem ,ARNAUD GUILHEM  ,31360,31018,72,43.133333,0.9,0.87
 Artigue ,ARTIGUE   ,31110,31019,72,42.833333,0.616667,2.22
 Aspet ,ASPET   ,31160,31020,72,43.016667,0.8,1.4
 Aspret-Sarrat ,ASPRET SARRAT  ,31800,31021,72,43.066667,0.716667,1.22
 Aulon ,AULON   ,31420,31023,72,43.183333,0.833333,1.45
 Auragne ,AURAGNE   ,31190,31024,72,43.383333,1.5,1.16
 Aureville ,AUREVILLE   ,31320,31025,72,43.483333,1.45,1.52
 Auriac-sur-Vendinelle ,AURIAC SUR VENDINELLE ,31460,31026,72,43.516667,1.816667,2
 Auribail ,AURIBAIL   ,31190,31027,72,43.35,1.383333,1.22
 Aurignac ,AURIGNAC   ,31420,31028,72,43.216667,0.883333,0.73
 Aurin ,AURIN   ,31570,31029,72,43.533333,1.666667,1.56
 Ausseing ,AUSSEING   ,31260,31030,72,43.15,1.016667,1.73
 Ausson ,AUSSON   ,31210,31031,72,43.083333,0.6,1.56
 Aussonne ,AUSSONNE   ,31840,31032,72,43.683333,1.316667,1.6
 Auterive ,AUTERIVE   ,31190,31033,72,43.35,1.483333,1.02
 Auzas ,AUZAS   ,31360,31034,72,43.166667,0.883333,0.73
 Auzeville-Tolosane ,AUZEVILLE TOLOSANE  ,31320,31035,72,43.533333,1.483333,1.23
 Auzielle ,AUZIELLE   ,31650,31036,72,43.55,1.566667,1.27
 Azas ,AZAS   ,31380,31038,72,43.716667,1.666667,1.75
 Bachas ,BACHAS   ,31420,31039,72,43.25,0.933333,0.8
 Bachos ,BACHOS   ,31440,31040,72,42.883333,0.616667,2
 Bagiry ,BAGIRY   ,31510,31041,72,42.983333,0.633333,1.55
 Bagnères-de-Luchon ,BAGNERES DE LUCHON ,31110,31042,72,42.783333,0.6,2.45
 Balesta ,BALESTA   ,31580,31043,72,43.2,0.566667,1.66
 Balma ,BALMA   ,31130,31044,72,43.616667,1.5,1.3
 Barbazan ,BARBAZAN   ,31510,31045,72,43.033333,0.633333,1.46
 Baren ,BAREN   ,31440,31046,72,42.866667,0.616667,2.07
 Bax ,BAX   ,31310,31047,72,43.233333,1.266667,0.47
 Baziège ,BAZIEGE   ,31450,31048,72,43.45,1.616667,1.41
 Bazus ,BAZUS   ,31380,31049,72,43.733333,1.516667,1.82
 Beauchalot ,BEAUCHALOT   ,31360,31050,72,43.1,0.866667,1.52
 Beaufort ,BEAUFORT   ,31370,31051,72,43.466667,1.116667,1.19
 Beaumont-sur-Lèze ,BEAUMONT SUR LEZE ,31870,31052,72,43.383333,1.366667,1
 Beaupuy ,BEAUPUY   ,31850,31053,72,43.65,1,1.5
 Beauteville ,BEAUTEVILLE   ,31290,31054,72,43.35,1.733333,1.75
 Beauville ,BEAUVILLE   ,31460,31055,72,43.466667,1.766667,1.85
 Beauzelle ,BEAUZELLE   ,31700,31056,72,43.666667,1.366667,1.52
 Belberaud ,BELBERAUD   ,31450,31057,72,43.5,1.583333,1.32
 Belbèze-de-Lauragais ,BELBEZE DE LAURAGAIS ,31450,31058,72,43.433333,1.55,1.22
 Belbèze-en-Comminges ,BELBEZE EN COMMINGES ,31260,31059,72,43.133333,1.016667,1.48
 Bélesta-en-Lauragais ,BELESTA EN LAURAGAIS ,31540,31060,72,43.433333,1.816667,2
 Bellesserre ,BELLESSERRE   ,31480,31062,72,43.783333,1.116667,2.05
 Benque ,BENQUE   ,31420,31063,72,43.266667,0.916667,0.75
 Bérat ,BERAT   ,31370,31065,72,43.383333,1.183333,1.8
 Bessières ,BESSIERES   ,31660,31066,72,43.8,1.616667,2.12
 Bézins-Garraux ,BEZINS GARRAUX  ,31440,31067,72,42.933333,0.7,1.77
 Billière ,BILLIERE   ,31110,31068,72,42.816667,0.533333,2.3
 Blagnac ,BLAGNAC   ,31700,31069,72,43.633333,1.4,1.51
 Blajan ,BLAJAN   ,31350,31070,72,43.266667,0.65,1.41
 Bois-de-la-Pierre ,BOIS DE LA PIERRE,31390,31071,72,43.35,1.15,1.73
 Boissède ,BOISSEDE   ,31230,31072,72,43.4,0.816667,0.97
 Bondigoux ,BONDIGOUX   ,31340,31073,72,43.833333,1.55,2.27
 Bonrepos-Riquet ,BONREPOS RIQUET  ,31590,31074,72,43.683333,1.616667,1.6
 Bonrepos-sur-Aussonnelle ,BONREPOS SUR AUSSONNELLE ,31470,31075,72,43.55,1.15,1
 Bordes-de-Rivière ,BORDES DE RIVIERE ,31210,31076,72,43.1,0.633333,1.46
 Le Born ,LE BORN  ,31340,31077,72,43.883333,1.55,2.5
 Boudrac ,BOUDRAC   ,31580,31078,72,43.2,0.55,1.7
Bouloc,   ,31620,31079,72,43.783333,1.416667,2.05
 Bourg-d'Oueil ,BOURG D OUEIL ,31110,31081,72,42.866667,0.5,2.07
 Bourg-Saint-Bernard ,BOURG SAINT BERNARD ,31570,31082,72,43.6,1.733333,2.09
 Boussan ,BOUSSAN   ,31420,31083,72,43.233333,0.9,0.68
 Boussens ,BOUSSENS   ,31360,31084,72,43.183333,0.966667,1.57
 Boutx ,BOUTX   ,31440,31085,72,42.916667,0.716667,1.85
 Bouzin ,BOUZIN   ,31420,31086,72,43.183333,0.883333,0.94
 Bragayrac ,BRAGAYRAC   ,31470,31087,72,43.483333,1.066667,1.71
 Brax ,BRAX   ,31490,31088,72,43.616667,1.25,1.3
 Bretx ,BRETX   ,31530,31089,72,43.7,1.216667,1.67
 Brignemont ,BRIGNEMONT   ,31480,31090,72,43.783333,0.983333,2.08
 Bruguières ,BRUGUIERES   ,31150,31091,72,43.733333,1.416667,1.82
 Burgalays ,BURGALAYS   ,31440,31092,72,42.883333,0.633333,2
 Buzet-sur-Tarn ,BUZET SUR TARN ,31660,31094,72,43.783333,1.65,2.05
 Cabanac-Cazaux ,CABANAC CAZAUX  ,31160,31095,72,43.033333,0.75,1.32
 Cabanac-Séguenville ,CABANAC SEGUENVILLE  ,31480,31096,72,43.8,1.033333,2.12
 Le Cabanial ,LE CABANIAL  ,31460,31097,72,43.516667,1.866667,2.14
 Cadours ,CADOURS   ,31480,31098,72,43.733333,1.05,1.82
 Caignac ,CAIGNAC   ,31560,31099,72,43.316667,1.7,1.66
 Calmont ,CALMONT   ,31560,31100,72,43.283333,1.633333,-1
 Cambernard ,CAMBERNARD   ,31470,31101,72,43.483333,1.2,1.12
 Cambiac ,CAMBIAC   ,31460,31102,72,43.483333,1.783333,1.9
 Canens ,CANENS   ,31310,31103,72,43.216667,1.333333,1.27
 Capens ,CAPENS   ,31410,31104,72,43.333333,1.25,0.95
 Caragoudes ,CARAGOUDES   ,31460,31105,72,43.5,1.7,1.66
 Caraman ,CARAMAN   ,31460,31106,72,43.533333,1.766667,1.85
 Carbonne ,CARBONNE   ,31390,31107,72,43.3,1.233333,0.45
 Cardeilhac ,CARDEILHAC   ,31350,31108,72,43.2,0.683333,1.31
 Cassagnabère-Tournas ,CASSAGNABERE TOURNAS  ,31420,31109,72,43.233333,0.8,1.73
 Cassagne ,CASSAGNE   ,31260,31110,72,43.116667,0.983333,0.95
 Castagnac ,CASTAGNAC   ,31310,31111,72,43.233333,1.35,1.54
 Castagnède ,CASTAGNEDE   ,31260,31112,72,43.05,0.966667,1.25
 Castanet-Tolosan ,CASTANET TOLOSAN  ,31320,31113,72,43.516667,1.5,1.23
 Castelbiague ,CASTELBIAGUE   ,31160,31114,72,43.033333,0.916667,1.45
 Castelgaillard ,CASTELGAILLARD   ,31230,31115,72,43.35,0.9,0.72
 Castelginest ,CASTELGINEST   ,31780,31116,72,43.7,1.433333,1.67
 Castelnau-d'Estrétefonds ,CASTELNAU D ESTRETEFONDS ,31620,31118,72,43.783333,1.366667,2.05
 Castelnau-Picampeau ,CASTELNAU PICAMPEAU  ,31430,31119,72,43.3,1.016667,0.34
 Le Castéra ,LE CASTERA  ,31530,31120,72,43.683333,1.15,1.6
 Castéra-Vignoles ,CASTERA VIGNOLES  ,31350,31121,72,43.283333,0.783333,1.64
 Casties-Labrande ,CASTIES LABRANDE  ,31430,31122,72,43.333333,1,0.62
 Castillon-de-Larboust ,CASTILLON DE LARBOUST ,31110,31123,72,42.8,0.533333,2.37
 Castillon-de-Saint-Martory ,CASTILLON DE SAINT MARTORY,31360,31124,72,43.133333,0.866667,1.05
 Cathervielle ,CATHERVIELLE   ,31110,31125,72,42.816667,0.516667,2.3
 Caubiac ,CAUBIAC   ,31480,31126,72,43.716667,1.083333,1.75
 Caujac ,CAUJAC   ,31190,31128,72,43.3,1.466667,0.97
 Cazaril-Laspènes ,CAZARIL LASPENES  ,31110,31129,72,42.8,0.583333,2.37
 Cazaril-Tambourès ,CAZARIL TAMBOURES  ,31580,31130,72,43.183333,0.533333,1.75
 Cazaunous ,CAZAUNOUS   ,31160,31131,72,42.983333,0.733333,1.55
 Cazaux-Layrisse ,CAZAUX LAYRISSE  ,31440,31132,72,42.866667,0.6,2.07
 Cazeaux-de-Larboust ,CAZEAUX DE LARBOUST ,31110,31133,72,42.8,0.533333,2.37
 Cazeneuve-Montaut ,CAZENEUVE MONTAUT  ,31420,31134,72,43.183333,0.866667,1.05
 Cazères ,CAZERES   ,31220,31135,72,43.216667,1.083333,0.5
 Cépet ,CEPET   ,31620,31136,72,43.75,1.433333,1.9
 Cessales ,CESSALES   ,31290,31137,72,43.45,1.733333,1.75
 Charlas ,CHARLAS   ,31350,31138,72,43.233333,0.7,1.27
 Chaum ,CHAUM   ,31440,31139,72,42.933333,0.65,1.77
 Chein-Dessus ,CHEIN DESSUS  ,31160,31140,72,43.016667,0.883333,1.4
 Ciadoux ,CIADOUX   ,31350,31141,72,43.266667,0.733333,1.17
 Cier-de-Luchon ,CIER DE LUCHON ,31110,31142,72,42.85,0.6,2.15
 Cier-de-Rivière ,CIER DE RIVIERE ,31510,31143,72,43.066667,0.633333,1.46
 Cintegabelle ,CINTEGABELLE   ,31550,31145,72,43.316667,1.533333,1.17
 Cirès ,CIRES   ,31110,31146,72,42.85,0.516667,2.15
 Clermont-le-Fort ,CLERMONT LE FORT ,31810,31148,72,43.45,1.433333,1
 Colomiers ,COLOMIERS   ,31770,31149,72,43.616667,1.35,1.3
 Cornebarrieu ,CORNEBARRIEU   ,31700,31150,72,43.65,1.333333,1.45
 Corronsac ,CORRONSAC   ,31450,31151,72,43.466667,1.5,1.17
 Coueilles ,COUEILLES   ,31230,31152,72,43.35,0.883333,0.73
 Couladère ,COULADERE   ,31220,31153,72,43.2,1.1,0.64
 Couledoux ,COULEDOUX   ,31160,31154,72,42.916667,0.8,1.85
 Couret ,COURET   ,31160,31155,72,43.05,0.816667,1.25
 Cox ,COX   ,31480,31156,72,43.766667,1.05,1.97
 Cugnaux ,CUGNAUX   ,31270,31157,72,43.533333,1.366667,1.48
 Cuguron ,CUGURON   ,31210,31158,72,43.1,0.55,1.7
 Le Cuing ,LE CUING  ,31210,31159,72,43.15,0.6,1.56
 Daux ,DAUX   ,31700,31160,72,43.7,1.25,1.67
 Deyme ,DEYME   ,31450,31161,72,43.483333,1.533333,1.17
 Donneville ,DONNEVILLE   ,31450,31162,72,43.466667,1.55,1.22
 Drémil-Lafage ,DREMIL LAFAGE  ,31280,31163,72,43.6,1.6,1.36
 Drudas ,DRUDAS   ,31480,31164,72,43.75,1.116667,1.9
 Eaunes ,EAUNES   ,31600,31165,72,43.416667,1.35,1.4
 Empeaux ,EMPEAUX   ,31470,31166,72,43.533333,1.083333,1.28
 Encausse-les-Thermes ,ENCAUSSE LES THERMES ,31160,31167,72,43.05,0.75,1.25
 Éoux ,EOUX   ,31420,31168,72,43.266667,0.9,0.68
 Escalquens ,ESCALQUENS   ,31750,31169,72,43.516667,1.566667,1.27
 Escanecrabe ,ESCANECRABE   ,31350,31170,72,43.283333,0.75,1.14
 Espanès ,ESPANES   ,31450,31171,72,43.45,1.483333,1.48
 Esparron ,ESPARRON   ,31420,31172,72,43.266667,0.816667,1.55
 Esperce ,ESPERCE   ,31190,31173,72,43.3,1.4,1.28
 Estadens ,ESTADENS   ,31160,31174,72,43.033333,0.85,1.32
 Estancarbon ,ESTANCARBON   ,31800,31175,72,43.1,0.783333,1.02
 Esténos ,ESTENOS   ,31440,31176,72,42.95,0.633333,1.7
 Eup ,EUP   ,31440,31177,72,42.933333,0.683333,1.77
 Le Faget ,LE FAGET  ,31460,31179,72,43.566667,1.833333,2.05
 Falga ,FALGA   ,31540,31180,72,43.483333,1.866667,2.14
 Le Fauga ,LE FAUGA  ,31410,31181,72,43.4,1.283333,1.13
 Fenouillet ,FENOUILLET   ,31150,31182,72,43.683333,1.4,1.6
 Figarol ,FIGAROL   ,31260,31183,72,43.083333,0.9,1.23
 Flourens ,FLOURENS   ,31130,31184,72,43.6,1.566667,1.28
 Folcarde ,FOLCARDE   ,31290,31185,72,43.4,1.8,1.95
 Fonbeauzard ,FONBEAUZARD   ,31140,31186,72,43.683333,1.45,1.6
 Fonsorbes ,FONSORBES   ,31470,31187,72,43.533333,1.233333,1.52
 Fontenilles ,FONTENILLES   ,31470,31188,72,43.55,1.2,1.05
 Forgues ,FORGUES   ,31370,31189,72,43.433333,1.05,0.7
 Fos ,FOS   ,31440,31190,72,42.866667,0.733333,2.07
 Fougaron ,FOUGARON   ,31160,31191,72,42.983333,0.933333,1.66
 Fourquevaux ,FOURQUEVAUX   ,31450,31192,72,43.5,1.616667,1.41
 Le Fousseret ,LE FOUSSERET  ,31430,31193,72,43.283333,1.066667,0.8
 Francarville ,FRANCARVILLE   ,31460,31194,72,43.6,1.75,1.8
 Francazal ,FRANCAZAL   ,31260,31195,72,43.016667,1.033333,1.89
 Francon ,FRANCON   ,31420,31196,72,43.266667,0.966667,1.49
 Franquevielle ,FRANQUEVIELLE   ,31210,31197,72,43.133333,0.533333,2.04
 Le Fréchet ,LE FRECHET  ,31360,31198,72,43.183333,0.933333,0.97
 Fronsac ,FRONSAC   ,31440,31199,72,42.95,0.65,1.7
 Frontignan-de-Comminges ,FRONTIGNAN DE COMMINGES ,31510,31200,72,42.966667,0.65,1.62
 Frontignan-Savès ,FRONTIGNAN SAVES  ,31230,31201,72,43.4,0.916667,1.24
 Fronton ,FRONTON   ,31620,31202,72,43.85,1.4,2.35
 Frouzins ,FROUZINS   ,31270,31203,72,43.516667,1.316667,1.13
 Fustignac ,FUSTIGNAC   ,31430,31204,72,43.3,0.983333,0.76
 Gagnac-sur-Garonne ,GAGNAC SUR GARONNE ,31150,31205,72,43.7,1.366667,1.67
 Gaillac-Toulza ,GAILLAC TOULZA  ,31550,31206,72,43.25,1.466667,0.97
 Galié ,GALIE   ,31510,31207,72,42.983333,0.633333,1.55
 Ganties ,GANTIES   ,31160,31208,72,43.066667,0.833333,1.17
 Garac ,GARAC   ,31480,31209,72,43.7,1.1,1.67
 Gardouch ,GARDOUCH   ,31290,31210,72,43.383333,1.683333,1.61
 Gargas ,GARGAS   ,31620,31211,72,43.716667,1.466667,1.75
 Garidech ,GARIDECH   ,31380,31212,72,43.716667,1.566667,1.75
 Garin ,GARIN   ,31110,31213,72,42.816667,0.516667,2.3
 Gaud ,GAUD   ,31440,31214,72,42.916667,0.65,1.85
 Gauré ,GAURE   ,31590,31215,72,43.616667,1.616667,1.41
 Gémil ,GEMIL   ,31380,31216,72,43.733333,1.6,1.82
Génos,   ,31510,31217,72,43,0.666667,1.47
 Gensac-de-Boulogne ,GENSAC DE BOULOGNE ,31350,31218,72,43.25,0.583333,1.61
 Gensac-sur-Garonne ,GENSAC SUR GARONNE ,31310,31219,72,43.216667,1.133333,1.55
 Gibel ,GIBEL   ,31560,31220,72,43.3,1.666667,1.56
 Gouaux-de-Larboust ,GOUAUX DE LARBOUST ,31110,31221,72,42.8,0.483333,2.37
 Gouaux-de-Luchon ,GOUAUX DE LUCHON ,31110,31222,72,42.85,0.616667,2.15
 Goudex ,GOUDEX   ,31230,31223,72,43.366667,0.95,1.54
 Gourdan-Polignan ,GOURDAN POLIGNAN  ,31210,31224,72,43.066667,0.583333,1.61
 Goutevernisse ,GOUTEVERNISSE   ,31310,31225,72,43.216667,1.183333,0.85
 Gouzens ,GOUZENS   ,31310,31226,72,43.183333,1.183333,0.93
 Goyrans ,GOYRANS   ,31120,31227,72,43.483333,1.433333,1.48
 Gragnague ,GRAGNAGUE   ,31380,31228,72,43.683333,1.583333,1.6
 Gratens ,GRATENS   ,31430,31229,72,43.316667,1.116667,1.53
 Gratentour ,GRATENTOUR   ,31150,31230,72,43.716667,1.433333,1.75
 Grépiac ,GREPIAC   ,31190,31233,72,43.4,1.433333,1
 Le Grès ,LE GRES  ,31480,31234,72,43.733333,1.1,1.82
 Guran ,GURAN   ,31440,31235,72,42.883333,0.616667,2
 Herran ,HERRAN   ,31160,31236,72,42.966667,0.916667,1.62
 His ,HIS   ,31260,31237,72,43.066667,0.966667,1.17
 Huos ,HUOS   ,31210,31238,72,43.066667,0.6,1.56
 L'Isle-en-Dodon ,L ISLE EN DODON,31230,31239,72,43.383333,0.85,0.83
 Issus ,ISSUS   ,31450,31240,72,43.416667,1.5,1.4
 Izaut-de-l'Hôtel ,IZAUT DE L HOTEL,31160,31241,72,43.016667,0.75,1.4
 Jurvielle ,JURVIELLE   ,31110,31242,72,42.816667,0.483333,2.3
 Juzes ,JUZES   ,31540,31243,72,43.45,1.8,1.95
 Juzet-de-Luchon ,JUZET DE LUCHON ,31110,31244,72,42.816667,0.616667,2.3
 Juzet-d'Izaut ,JUZET D IZAUT ,31160,31245,72,42.983333,0.75,1.55
 Labarthe-Inard ,LABARTHE INARD  ,31800,31246,72,43.116667,0.85,1.83
 Labarthe-Rivière ,LABARTHE RIVIERE  ,31800,31247,72,43.083333,0.666667,1.47
 Labarthe-sur-Lèze ,LABARTHE SUR LEZE ,31860,31248,72,43.45,1.4,0.78
 Labastide-Beauvoir ,LABASTIDE BEAUVOIR  ,31450,31249,72,43.483333,1.666667,1.96
 Labastide-Clermont ,LABASTIDE CLERMONT  ,31370,31250,72,43.35,1.116667,1.16
 Labastide-Paumès ,LABASTIDE PAUMES  ,31230,31251,72,43.333333,0.933333,1.3
 Labastide-Saint-Sernin ,LABASTIDE SAINT SERNIN ,31620,31252,72,43.733333,1.466667,1.82
 Labastidette ,LABASTIDETTE   ,31600,31253,72,43.45,1.266667,0.74
 Labège ,LABEGE   ,31670,31254,72,43.533333,1.533333,1.17
 Labroquère ,LABROQUERE   ,31510,31255,72,43.033333,0.6,1.56
 Labruyère-Dorsa ,LABRUYERE DORSA  ,31190,31256,72,43.4,1.483333,1.16
 Lacaugne ,LACAUGNE   ,31390,31258,72,43.283333,1.266667,1.25
 Lacroix-Falgarde ,LACROIX FALGARDE  ,31120,31259,72,43.5,1.416667,0.83
 Lagarde ,LAGARDE   ,31290,31262,72,43.341667,1.716667,-1
 Lagardelle-sur-Lèze ,LAGARDELLE SUR LEZE ,31870,31263,72,43.416667,1.383333,1
 Lagrâce-Dieu ,LAGRACE DIEU  ,31190,31264,72,43.333333,1.4,0.95
 Lagraulet-Saint-Nicolas ,LAGRAULET SAINT NICOLAS ,31480,31265,72,43.783333,1.083333,2.05
 Lahage ,LAHAGE   ,31370,31266,72,43.433333,1.066667,0.51
 Lahitère ,LAHITERE   ,31310,31267,72,43.133333,1.2,1.24
 Lamasquère ,LAMASQUERE   ,31600,31269,72,43.483333,1.266667,0.74
 Landorthe ,LANDORTHE   ,31800,31270,72,43.133333,0.783333,1.02
 Lanta ,LANTA   ,31570,31271,72,43.566667,1.666667,1.56
 Lapeyrouse-Fossat ,LAPEYROUSE FOSSAT  ,31180,31273,72,43.7,1.516667,1.67
 Larcan ,LARCAN   ,31800,31274,72,43.183333,0.716667,1.22
 Laréole ,LAREOLE   ,31480,31275,72,43.733333,1.033333,1.82
 Latoue ,LATOUE   ,31800,31278,72,43.166667,0.783333,1.03
 Latour ,LATOUR   ,31310,31279,72,43.2,1.283333,0.58
 Latrape ,LATRAPE   ,31310,31280,72,43.25,1.266667,0.65
 Launac ,LAUNAC   ,31330,31281,72,43.75,1.183333,1.9
 Launaguet ,LAUNAGUET   ,31140,31282,72,43.683333,1.45,1.6
 Lautignac ,LAUTIGNAC   ,31370,31283,72,43.383333,1.066667,0.48
 Lauzerville ,LAUZERVILLE   ,31650,31284,72,43.55,1.566667,1.27
 Lavalette ,LAVALETTE   ,31590,31285,72,43.633333,1.6,1.37
 Lavelanet-de-Comminges ,LAVELANET DE COMMINGES ,31220,31286,72,43.25,1.116667,1.24
 Layrac-sur-Tarn ,LAYRAC SUR TARN ,31340,31288,72,43.833333,1.566667,2.27
 Lécussan ,LECUSSAN   ,31580,31289,72,43.15,0.5,1.85
 Lège ,LEGE   ,31440,31290,72,42.866667,0.616667,2.07
 Léguevin ,LEGUEVIN   ,31490,31291,72,43.6,1.25,1.22
 Lescuns ,LESCUNS   ,31220,31292,72,43.25,1.016667,1.14
 Lespinasse ,LESPINASSE   ,31150,31293,72,43.716667,1.383333,1.75
 Lespiteau ,LESPITEAU   ,31160,31294,72,43.066667,0.766667,1.17
 Lespugue ,LESPUGUE   ,31350,31295,72,43.233333,0.666667,1.36
 Lestelle-de-Saint-Martory ,LESTELLE DE SAINT MARTORY,31360,31296,72,43.133333,0.916667,0.87
 Lez ,LEZ   ,31440,31298,72,42.916667,0.7,1.85
 Liéoux ,LIEOUX   ,31800,31300,72,43.15,0.766667,1.07
 Lilhac ,LILHAC   ,31230,31301,72,43.283333,0.816667,1.3
 Lodes ,LODES   ,31800,31302,72,43.166667,0.683333,1.31
 Longages ,LONGAGES   ,31410,31303,72,43.366667,1.25,0.68
 Loubens-Lauragais ,LOUBENS LAURAGAIS  ,31460,31304,72,43.583333,1.783333,1.9
 Loudet ,LOUDET   ,31580,31305,72,43.15,0.566667,1.66
 Lourde ,LOURDE   ,31510,31306,72,42.983333,0.666667,1.55
 Lunax ,LUNAX   ,31350,31307,72,43.333333,0.683333,1.31
 Luscan ,LUSCAN   ,31510,31308,72,43,0.616667,1.51
 Lussan-Adeilhac ,LUSSAN ADEILHAC  ,31430,31309,72,43.316667,0.95,1.31
 Lux ,LUX   ,31290,31310,72,43.433333,1.783333,1.9
 La Magdelaine-sur-Tarn ,LA MAGDELAINE SUR TARN,31340,31311,72,43.816667,1.55,2.2
 Mailholas ,MAILHOLAS   ,31310,31312,72,43.25,1.266667,0.65
 Malvézie ,MALVEZIE   ,31510,31313,72,43,0.683333,1.47
 Mancioux ,MANCIOUX   ,31360,31314,72,43.15,0.95,0.97
 Mane ,MANE   ,31260,31315,72,43.083333,0.95,1.1
 Marignac-Lasclares ,MARIGNAC LASCLARES  ,31430,31317,72,43.3,1.1,1.25
 Marignac-Laspeyres ,MARIGNAC LASPEYRES  ,31220,31318,72,43.216667,0.95,1.93
 Marliac ,MARLIAC   ,31550,31319,72,43.233333,1.466667,1.05
 Marquefave ,MARQUEFAVE   ,31390,31320,72,43.316667,1.233333,0.53
 Marsoulas ,MARSOULAS   ,31260,31321,72,43.1,1,1.02
 Martisserre ,MARTISSERRE   ,31230,31322,72,43.383333,0.883333,0.73
 Martres-de-Rivière ,MARTRES DE RIVIERE ,31210,31323,72,43.083333,0.65,1.41
 Martres-Tolosane ,MARTRES TOLOSANE  ,31220,31324,72,43.2,1,1.06
 Mascarville ,MASCARVILLE   ,31460,31325,72,43.55,1.75,1.8
 Massabrac ,MASSABRAC   ,31310,31326,72,43.233333,1.35,1.54
 Mauran ,MAURAN   ,31220,31327,72,43.183333,1.033333,0.65
 Maurémont ,MAUREMONT   ,31290,31328,72,43.45,1.683333,1.61
 Maurens ,MAURENS   ,31540,31329,72,43.466667,1.791667,-1
 Mauressac ,MAURESSAC   ,31190,31330,72,43.316667,1.433333,0.88
 Maureville ,MAUREVILLE   ,31460,31331,72,43.516667,1.7,1.66
 Mauvaisin ,MAUVAISIN   ,31190,31332,72,43.35,1.55,1.89
 Mauzac ,MAUZAC   ,31410,31334,72,43.383333,1.266667,0.68
 Mayrègne ,MAYREGNE   ,31110,31335,72,42.833333,0.55,2.22
 Melles ,MELLES   ,31440,31337,72,42.866667,0.766667,2.07
 Menville ,MENVILLE   ,31530,31338,72,43.683333,1.2,1.6
 Mérenvielle ,MERENVIELLE   ,31530,31339,72,43.633333,1.166667,1.37
 Mervilla ,MERVILLA   ,31320,31340,72,43.516667,1.466667,0.97
 Merville ,MERVILLE   ,31330,31341,72,43.733333,1.316667,1.82
 Milhas ,MILHAS   ,31160,31342,72,42.983333,0.8,1.55
 Mirambeau ,MIRAMBEAU   ,31230,31343,72,43.4,0.883333,0.87
 Miramont-de-Comminges ,MIRAMONT DE COMMINGES ,31800,31344,72,43.083333,0.75,1.12
 Miremont ,MIREMONT   ,31190,31345,72,43.366667,1.416667,0.83
 Mirepoix-sur-Tarn ,MIREPOIX SUR TARN ,31340,31346,72,43.816667,1.583333,2.2
 Molas ,MOLAS   ,31230,31347,72,43.4,0.783333,1.38
 Moncaup ,MONCAUP   ,31160,31348,72,42.983333,0.7,1.57
 Mondavezan ,MONDAVEZAN   ,31220,31349,72,43.233333,1.033333,0.74
 Mondilhan ,MONDILHAN   ,31350,31350,72,43.283333,0.7,1.27
 Mondonville ,MONDONVILLE   ,31700,31351,72,43.666667,1.283333,1.52
 Mondouzil ,MONDOUZIL   ,31850,31352,72,43.633333,1.566667,1.37
 Monès ,MONES   ,31370,31353,72,43.416667,1.033333,0.84
 Monestrol ,MONESTROL   ,31560,31354,72,43.333333,1.666667,1.56
 Montaigut-sur-Save ,MONTAIGUT SUR SAVE ,31530,31356,72,43.7,1.25,1.67
 Montastruc-de-Salies ,MONTASTRUC DE SALIES ,31160,31357,72,43.033333,0.9,1.32
 Montastruc-la-Conseillère ,MONTASTRUC LA CONSEILLERE ,31380,31358,72,43.716667,1.6,1.75
 Montastruc-Savès ,MONTASTRUC SAVES  ,31370,31359,72,43.35,1.016667,1.48
 Montauban-de-Luchon ,MONTAUBAN DE LUCHON ,31110,31360,72,42.8,0.616667,2.37
 Montaut ,MONTAUT   ,31410,31361,72,43.35,1.266667,0.39
 Montberaud ,MONTBERAUD   ,31220,31362,72,43.15,1.15,1.72
 Montbernard ,MONTBERNARD   ,31230,31363,72,43.3,0.766667,1.68
 Montberon ,MONTBERON   ,31140,31364,72,43.716667,1.483333,1.75
 Montbrun-Bocage ,MONTBRUN BOCAGE  ,31310,31365,72,43.133333,1.266667,1.13
 Montbrun-Lauragais ,MONTBRUN LAURAGAIS  ,31450,31366,72,43.45,1.533333,1.17
 Montclar-de-Comminges ,MONTCLAR DE COMMINGES ,31220,31367,72,43.166667,1.016667,0.97
 Montclar-Lauragais ,MONTCLAR LAURAGAIS  ,31290,31368,72,43.366667,1.716667,1.7
 Mont-de-Galié ,MONT DE GALIE ,31510,31369,72,42.983333,0.65,1.55
 Montégut-Bourjac ,MONTEGUT BOURJAC  ,31430,31370,72,43.283333,0.983333,0.86
 Montégut-Lauragais ,MONTEGUT LAURAGAIS  ,31540,31371,72,43.483333,1.933333,2.34
 Montespan ,MONTESPAN   ,31260,31372,72,43.083333,0.866667,1.89
 Montesquieu-Guittaut ,MONTESQUIEU GUITTAUT  ,31230,31373,72,43.333333,0.766667,1.47
 Montesquieu-Lauragais ,MONTESQUIEU LAURAGAIS  ,31450,31374,72,43.416667,1.633333,1.51
 Montesquieu-Volvestre ,MONTESQUIEU VOLVESTRE  ,31310,31375,72,43.216667,1.233333,0.5
 Montgaillard-de-Salies ,MONTGAILLARD DE SALIES ,31260,31376,72,43.066667,0.933333,1.17
 Montgaillard-Lauragais ,MONTGAILLARD LAURAGAIS  ,31290,31377,72,43.433333,1.7,1.66
 Montgaillard-sur-Save ,MONTGAILLARD SUR SAVE ,31350,31378,72,43.25,0.733333,1.17
 Montgazin ,MONTGAZIN   ,31410,31379,72,43.3,1.283333,1.62
 Montgeard ,MONTGEARD   ,31560,31380,72,43.333333,1.616667,1.41
 Montgiscard ,MONTGISCARD   ,31450,31381,72,43.45,1.583333,1.32
 Montgras ,MONTGRAS   ,31370,31382,72,43.45,1.066667,0.77
 Montjoire ,MONTJOIRE   ,31380,31383,72,43.783333,1.533333,2.05
 Montmaurin ,MONTMAURIN   ,31350,31385,72,43.216667,0.633333,1.46
 Montoulieu-Saint-Bernard ,MONTOULIEU SAINT BERNARD ,31420,31386,72,43.233333,0.916667,0.63
 Montoussin ,MONTOUSSIN   ,31430,31387,72,43.266667,1.016667,0.74
 Montpitol ,MONTPITOL   ,31380,31388,72,43.7,1.633333,1.67
 Montrabé ,MONTRABE   ,31850,31389,72,43.65,1.516667,1.45
 Montréjeau ,MONTREJEAU   ,31210,31390,72,43.083333,0.583333,1.61
 Montsaunès ,MONTSAUNES   ,31260,31391,72,43.116667,0.933333,0.95
 Mourvilles-Basses ,MOURVILLES BASSES  ,31460,31392,72,43.483333,1.7,1.66
 Mourvilles-Hautes ,MOURVILLES HAUTES  ,31540,31393,72,43.416667,1.816667,2
 Moustajon ,MOUSTAJON   ,31110,31394,72,42.816667,0.6,2.3
 Muret ,MURET   ,31600,31395,72,43.466667,1.35,0.99
 Nailloux ,NAILLOUX   ,31560,31396,72,43.366667,1.633333,1.46
 Nénigan ,NENIGAN   ,31350,31397,72,43.35,0.7,1.39
 Nizan-Gesse ,NIZAN GESSE  ,31350,31398,72,43.233333,0.6,1.56
 Noé ,NOE   ,31410,31399,72,43.35,1.266667,0.39
 Nogaret ,NOGARET   ,31540,31400,72,43.5,1.933333,2.34
 Noueilles ,NOUEILLES   ,31450,31401,72,43.416667,1.533333,1.17
 Odars ,ODARS   ,31450,31402,72,43.516667,1.6,1.36
 Ondes ,ONDES   ,31330,31403,72,43.783333,1.3,2.05
 Oô ,OO   ,31110,31404,72,42.8,0.5,2.37
 Ore ,ORE   ,31510,31405,72,42.966667,0.65,1.62
 Palaminy ,PALAMINY   ,31220,31406,72,43.2,1.066667,0.57
 Paulhac ,PAULHAC   ,31380,31407,72,43.716667,1.566667,1.75
 Payssous ,PAYSSOUS   ,31510,31408,72,43.033333,0.716667,1.87
 Péchabou ,PECHABOU   ,31320,31409,72,43.5,1.5,1.2
 Pechbonnieu ,PECHBONNIEU   ,31140,31410,72,43.7,1.466667,1.67
 Pechbusque ,PECHBUSQUE   ,31320,31411,72,43.516667,1.466667,0.97
 Péguilhan ,PEGUILHAN   ,31350,31412,72,43.316667,0.7,1.27
 Pelleport ,PELLEPORT   ,31480,31413,72,43.733333,1.133333,1.82
 Peyrissas ,PEYRISSAS   ,31420,31414,72,43.283333,0.9,0.93
 Peyrouzet ,PEYROUZET   ,31420,31415,72,43.2,0.833333,1.27
 Pibrac ,PIBRAC   ,31820,31417,72,43.616667,1.3,1.3
 Pin-Balma ,PIN BALMA  ,31130,31418,72,43.633333,1.533333,1.37
 Le Pin-Murelet ,LE PIN MURELET ,31370,31419,72,43.4,1.016667,1.11
 Pinsaguel ,PINSAGUEL   ,31120,31420,72,43.516667,1.383333,0.85
 Plagne ,PLAGNE   ,31220,31422,72,43.15,1.05,0.89
 Plagnole ,PLAGNOLE   ,31370,31423,72,43.416667,1.066667,0.4
 Plaisance-du-Touch ,PLAISANCE DU TOUCH ,31830,31424,72,43.566667,1.3,1.07
 Le Plan ,LE PLAN  ,31220,31425,72,43.166667,1.116667,1.09
 Pointis-de-Rivière ,POINTIS DE RIVIERE ,31210,31426,72,43.083333,0.616667,1.51
 Pointis-Inard ,POINTIS INARD  ,31800,31427,72,43.083333,0.816667,1.42
 Pompertuzat ,POMPERTUZAT   ,31450,31429,72,43.5,1.516667,1.14
 Ponlat-Taillebourg ,PONLAT TAILLEBOURG  ,31210,31430,72,43.1,0.583333,1.61
 Portet-d'Aspet ,PORTET D ASPET ,31160,31431,72,42.933333,0.866667,1.77
 Portet-de-Luchon ,PORTET DE LUCHON ,31110,31432,72,42.8,0.5,2.37
 Portet-sur-Garonne ,PORTET SUR GARONNE ,31120,31433,72,43.516667,1.416667,0.85
 Poubeau ,POUBEAU   ,31110,31434,72,42.816667,0.5,2.3
 Poucharramet ,POUCHARRAMET   ,31370,31435,72,43.416667,1.183333,1.76
 Pouy-de-Touges ,POUY DE TOUGES ,31430,31436,72,43.35,1.033333,0.71
 Pouze ,POUZE   ,31450,31437,72,43.433333,1.533333,1.17
 Pradère-les-Bourguets ,PRADERE LES BOURGUETS ,31530,31438,72,43.65,1.166667,1.45
 Préserville ,PRESERVILLE   ,31570,31439,72,43.516667,1.616667,1.41
 Proupiary ,PROUPIARY   ,31360,31440,72,43.15,0.866667,0.97
 Prunet ,PRUNET   ,31460,31441,72,43.566667,1.733333,1.75
 Puydaniel ,PUYDANIEL   ,31190,31442,72,43.333333,1.433333,0.88
 Puymaurin ,PUYMAURIN   ,31230,31443,72,43.366667,0.766667,1.45
 Puysségur ,PUYSSEGUR   ,31480,31444,72,43.75,1.066667,1.9
 Ramonville-Saint-Agne ,RAMONVILLE SAINT AGNE ,31520,31446,72,43.55,1.466667,1
 Razecueillé ,RAZECUEILLE   ,31160,31447,72,42.966667,0.8,1.62
 Rebigue ,REBIGUE   ,31320,31448,72,43.483333,1.483333,1.15
 Régades ,REGADES   ,31800,31449,72,43.05,0.716667,1.31
 Renneville ,RENNEVILLE   ,31290,31450,72,43.383333,1.716667,1.7
 Revel ,REVEL   ,31250,31451,72,43.466667,2,2.53
 Rieucazé ,RIEUCAZE   ,31800,31452,72,43.083333,0.75,1.12
 Rieumajou ,RIEUMAJOU   ,31290,31453,72,43.416667,1.783333,1.9
 Rieumes ,RIEUMES   ,31370,31454,72,43.416667,1.116667,0.63
 Rieux ,RIEUX   ,31310,31455,72,43.25,1.2,0.83
 Riolas ,RIOLAS   ,31230,31456,72,43.35,0.916667,0.99
 Roquefort-sur-Garonne ,ROQUEFORT SUR GARONNE ,31360,31457,72,43.166667,0.966667,1.42
 Roques ,ROQUES   ,31120,31458,72,43.508333,1.375,-1
 Roquesérière ,ROQUESERIERE   ,31380,31459,72,43.733333,1.633333,1.82
 Roquettes ,ROQUETTES   ,31120,31460,72,43.5,1.35,1.59
 Rouède ,ROUEDE   ,31160,31461,72,43.05,0.9,1.31
 Rouffiac-Tolosan ,ROUFFIAC TOLOSAN  ,31180,31462,72,43.666667,1.516667,1.52
 Roumens ,ROUMENS   ,31540,31463,72,43.466667,1.933333,2.34
 Sabonnères ,SABONNERES   ,31370,31464,72,43.466667,1.066667,1.05
 Saccourvielle ,SACCOURVIELLE   ,31110,31465,72,42.816667,0.566667,2.3
 Saiguède ,SAIGUEDE   ,31470,31466,72,43.533333,1.15,0.92
 Saint-Alban ,SAINT ALBAN  ,31140,31467,72,43.7,1.416667,1.79
 Saint-Araille ,SAINT ARAILLE  ,31430,31469,72,43.35,0.983333,1.02
 Saint-Aventin ,SAINT AVENTIN  ,31110,31470,72,42.816667,0.55,2.3
 Saint-Béat ,SAINT BEAT  ,31440,31471,72,42.916667,0.7,1.85
 Saint-Bertrand-de-Comminges ,SAINT BERTRAND DE COMMINGES,31510,31472,72,43.016667,0.583333,1.61
 Saint-Cézert ,SAINT CEZERT  ,31330,31473,72,43.783333,1.216667,2.05
 Saint-Christaud ,SAINT CHRISTAUD  ,31310,31474,72,43.183333,1.133333,1.6
 Saint-Clar-de-Rivière ,SAINT CLAR DE RIVIERE,31600,31475,72,43.466667,1.216667,1.65
 Saint-Élix-le-Château ,SAINT ELIX LE CHATEAU,31430,31476,72,43.266667,1.133333,1.94
 Saint-Élix-Séglan ,SAINT ELIX SEGLAN ,31420,31477,72,43.2,0.866667,0.79
 Saint-Félix-Lauragais ,SAINT FELIX LAURAGAIS ,31540,31478,72,43.45,1.9,2.24
 Saint-Ferréol ,SAINT FERREOL  ,31350,31479,72,43.333333,0.733333,1.38
 Sainte-Foy-d'Aigrefeuille ,SAINTE FOY D AIGREFEUILLE,31570,31480,72,43.55,1.616667,1.41
 Sainte-Foy-de-Peyrolières ,SAINTE FOY DE PEYROLIERES,31470,31481,72,43.5,1.15,0.78
 Saint-Frajou ,SAINT FRAJOU  ,31230,31482,72,43.333333,0.85,0.83
 Saint-Gaudens ,SAINT GAUDENS  ,31800,31483,72,43.116667,0.733333,1.17
 Saint-Geniès-Bellevue ,SAINT GENIES BELLEVUE ,31180,31484,72,43.683333,1.483333,1.6
 Saint-Germier ,SAINT GERMIER  ,31290,31485,72,43.475,1.733333,-1
 Saint-Hilaire ,SAINT HILAIRE  ,31410,31486,72,43.416667,1.266667,1.56
 Saint-Ignan ,SAINT IGNAN  ,31800,31487,72,43.15,0.7,1.27
 Saint-Jean ,SAINT JEAN  ,31240,31488,72,43.666667,1.5,1.52
 Saint-Jean-Lherm ,SAINT JEAN LHERM ,31380,31489,72,43.7,1.616667,1.67
 Saint-Jory ,SAINT JORY  ,31790,31490,72,43.733333,1.383333,1.82
 Saint-Julia ,SAINT JULIA  ,31540,31491,72,43.483333,1.9,2.24
 Saint-Julien ,SAINT JULIEN  ,31220,31492,72,43.233333,1.166667,1.85
 Saint-Laurent ,SAINT LAURENT  ,31230,31494,72,43.316667,0.8,1.08
 Saint-Léon ,SAINT LEON  ,31560,31495,72,43.4,1.566667,2.11
 Sainte-Livrade ,SAINTE LIVRADE  ,31530,31496,72,43.65,1.1,1.76
 Saint-Loup-Cammas ,SAINT LOUP CAMMAS ,31140,31497,72,43.7,1.483333,1.67
 Saint-Loup-en-Comminges ,SAINT LOUP EN COMMINGES,31350,31498,72,43.25,0.566667,1.72
 Saint-Lys ,SAINT LYS  ,31470,31499,72,43.516667,1.2,0.89
 Saint-Mamet ,SAINT MAMET  ,31110,31500,72,42.783333,0.6,2.45
 Saint-Marcel-Paulel ,SAINT MARCEL PAULEL ,31590,31501,72,43.666667,1.6,1.52
 Saint-Marcet ,SAINT MARCET  ,31800,31502,72,43.2,0.75,1.35
 Saint-Martory ,SAINT MARTORY  ,31360,31503,72,43.15,0.933333,0.8
 Saint-Michel ,SAINT MICHEL  ,31220,31505,72,43.166667,1.083333,-1
 Saint-Orens-de-Gameville ,SAINT ORENS DE GAMEVILLE,31650,31506,72,43.55,1.533333,1.5
 Saint-Paul-d'Oueil ,SAINT PAUL D OUEIL,31110,31508,72,42.833333,0.55,2.22
 Saint-Pé-d'Ardet ,SAINT PE D ARDET,31510,31509,72,42.983333,0.666667,1.55
 Saint-Pé-Delbosc ,SAINT PE DELBOSC ,31350,31510,72,43.266667,0.683333,1.31
 Saint-Pierre-de-Lages ,SAINT PIERRE DE LAGES,31570,31512,72,43.566667,1.616667,1.41
 Saint-Plancard ,SAINT PLANCARD  ,31580,31513,72,43.166667,0.566667,1.66
 Saint-Rustice ,SAINT RUSTICE  ,31620,31515,72,43.8,1.316667,2.12
 Saint-Sulpice-sur-Lèze ,SAINT SULPICE SUR LEZE,31410,31517,72,43.333333,1.333333,1.74
 Saint-Thomas ,SAINT THOMAS  ,31470,31518,72,43.516667,1.083333,1.26
 Sajas ,SAJAS   ,31370,31520,72,43.366667,1.016667,1.31
 Saleich ,SALEICH   ,31260,31521,72,43.016667,0.966667,1.4
 Salerm ,SALERM   ,31230,31522,72,43.3,0.833333,0.94
 Salies-du-Salat ,SALIES DU SALAT ,31260,31523,72,43.116667,0.95,0.95
 Salles-et-Pratviel ,SALLES ET PRATVIEL ,31110,31524,72,42.833333,0.6,2.22
 Salles-sur-Garonne ,SALLES SUR GARONNE ,31390,31525,72,43.266667,1.183333,1.04
 La Salvetat-Lauragais ,LA SALVETAT LAURAGAIS ,31460,31527,72,43.533333,1.8,1.95
 Saman ,SAMAN   ,31350,31528,72,43.233333,0.716667,1.22
 Samouillan ,SAMOUILLAN   ,31420,31529,72,43.266667,0.95,1.21
 Sana ,SANA   ,31220,31530,72,43.233333,1.016667,0.95
 Sarrecave ,SARRECAVE   ,31350,31531,72,43.216667,0.583333,1.62
 Sarremezan ,SARREMEZAN   ,31350,31532,72,43.2,0.666667,1.36
 Saubens ,SAUBENS   ,31600,31533,72,43.483333,1.333333,0.74
 Saussens ,SAUSSENS   ,31460,31534,72,43.583333,1.716667,1.7
 Saux-et-Pomarède ,SAUX ET POMAREDE ,31800,31536,72,43.15,0.716667,1.22
 Savarthès ,SAVARTHES   ,31800,31537,72,43.116667,0.8,0.98
 Savères ,SAVERES   ,31370,31538,72,43.366667,1.116667,0.92
 Sédeilhac ,SEDEILHAC   ,31580,31539,72,43.15,0.566667,1.66
 Segreville ,SEGREVILLE   ,31460,31540,72,43.5,1.733333,1.75
 Seilh ,SEILH   ,31840,31541,72,43.7,1.35,1.67
 Seilhan ,SEILHAN   ,31510,31542,72,43.05,0.566667,1.82
 Sénarens ,SENARENS   ,31430,31543,72,43.35,0.966667,1.24
 Sengouagnet ,SENGOUAGNET   ,31160,31544,72,42.983333,0.783333,1.55
 Sepx ,SEPX   ,31360,31545,72,43.15,0.85,1.36
 Seyre ,SEYRE   ,31560,31546,72,43.366667,1.666667,1.56
 Seysses ,SEYSSES   ,31600,31547,72,43.5,1.316667,0.78
 Signac ,SIGNAC   ,31440,31548,72,42.9,0.633333,1.92
 Sode ,SODE   ,31110,31549,72,42.816667,0.616667,2.3
 Soueich ,SOUEICH   ,31160,31550,72,43.05,0.783333,1.25
 Tarabel ,TARABEL   ,31570,31551,72,43.516667,1.666667,1.56
 Terrebasse ,TERREBASSE   ,31420,31552,72,43.25,0.966667,1.39
 Thil ,THIL   ,31530,31553,72,43.716667,1.166667,1.75
 Touille ,TOUILLE   ,31260,31554,72,43.083333,0.966667,1.1
 Toulouse ,TOULOUSE   ,31500,31555,72,43.6,1.433333,1.22
 Tournefeuille ,TOURNEFEUILLE   ,31170,31557,72,43.583333,1.35,1.15
 Toutens ,TOUTENS   ,31460,31558,72,43.483333,1.75,1.8
 Trébons-de-Luchon ,TREBONS DE LUCHON ,31110,31559,72,42.8,0.566667,2.37
 Trébons-sur-la-Grasse ,TREBONS SUR LA GRASSE,31290,31560,72,43.45,1.733333,1.75
 L'Union ,L UNION  ,31240,31561,72,43.666667,1.483333,1.52
 Urau ,URAU   ,31260,31562,72,43.016667,0.95,1.4
 Vacquiers ,VACQUIERS   ,31340,31563,72,43.766667,1.483333,2.07
 Valcabrère ,VALCABRERE   ,31510,31564,72,43.033333,0.566667,1.66
 Valentine ,VALENTINE   ,31800,31565,72,43.1,0.716667,1.22
 Vallègue ,VALLEGUE   ,31290,31566,72,43.416667,1.75,1.8
 Vallesvilles ,VALLESVILLES   ,31570,31567,72,43.6,1.633333,1.46
 Vaudreuille ,VAUDREUILLE   ,31250,31569,72,43.416667,1.983333,2.48
 Vaux ,VAUX   ,31540,31570,72,43.45,1.833333,2.05
 Vendine ,VENDINE   ,31460,31571,72,43.583333,1.766667,1.85
 Venerque ,VENERQUE   ,31810,31572,72,43.433333,1.45,1
 Vieille-Toulouse ,VIEILLE TOULOUSE  ,31320,31575,72,43.516667,1.45,1.15
 Vieillevigne ,VIEILLEVIGNE   ,31290,31576,72,43.4,1.65,1.51
 Vignaux ,VIGNAUX   ,31480,31577,72,43.683333,1.066667,1.6
 Vigoulet-Auzil ,VIGOULET AUZIL  ,31320,31578,72,43.5,1.466667,0.97
 Villariès ,VILLARIES   ,31380,31579,72,43.716667,1.5,1.79
 Villaudric ,VILLAUDRIC   ,31620,31581,72,43.833333,1.433333,2.27
 Villefranche-de-Lauragais ,VILLEFRANCHE DE LAURAGAIS ,31290,31582,72,43.4,1.733333,1.75
 Villematier ,VILLEMATIER   ,31340,31583,72,43.833333,1.5,2.27
 Villemur-sur-Tarn ,VILLEMUR SUR TARN ,31340,31584,72,43.866667,1.516667,2.42
 Villeneuve-de-Rivière ,VILLENEUVE DE RIVIERE ,31800,31585,72,43.133333,0.666667,1.36
 Villeneuve-Lécussan ,VILLENEUVE LECUSSAN  ,31580,31586,72,43.15,0.516667,1.8
 Villeneuve-lès-Bouloc ,VILLENEUVE LES BOULOC ,31620,31587,72,43.766667,1.416667,1.97
 Villeneuve-Tolosane ,VILLENEUVE TOLOSANE  ,31270,31588,72,43.516667,1.333333,0.85
 Villenouvelle ,VILLENOUVELLE   ,31290,31589,72,43.433333,1.65,1.51
 Binos ,BINOS   ,31440,31590,72,42.9,0.616667,1.92
Grenade,GRENADE,31330,31232,0,43.772222,1.293611,
Lévignac,LEVIGNAC,31530,31297,0,43.666944,1.195277,
